"nombre","ciudad_provincia","accion_erasmus","email","fuente_nombre","fuente_email","notas"
"Federación Erasmus Student Network España (ESN Spain)","Comunidad Valenciana / Madrid","KA152, KA154, KA210(denegada)","spain@esn.org","https://youth.europa.eu/volunteering/organisation/79752_es","https://accounts.esn.org/country/es","Email no renderizable por ofuscación Cloudflare en esn-spain.org; confirmado en fuente secundaria oficial (accounts.esn.org)"
"Confederación de Centros Juveniles Don Bosco de España","Estatal (Madrid)","KA153","donbosco@confedonbosco.org","https://confedonbosco.org/quienes-somos/","https://confedonbosco.org/en/contact/",""
"Consejo Local de la Juventud de Cáceres","Cáceres, Extremadura","KA152","no encontrado","https://youth.europa.eu/volunteering/organisation/51543_es","N/A","Sin web propia localizada"
"Asociación Scouting","Estatal","KA151, KA153","no encontrado","https://www.injuve.es/sites/default/files/adjuntos/2021/12/resolucion_definitiva_e2021-ronda2_fda.pdf","N/A","Sin web/email localizable tras búsqueda exhaustiva"
"Federació Catalana de l'Esplai (Fedesplai)","El Prat de Llobregat, Barcelona","KA151","federacio@fundesplai.org","https://esplai.fundesplai.org/","https://esplai.fundesplai.org/sumat_al_projecte/",""
"European Youth Parliament España","Torrent, Valencia / Estatal","KA154, KA220","info@eype.es","https://www.eype.es/","https://www.eype.es/contact-us/","Pie de página también muestra info@eype.com; se prioriza dominio oficial .es"
"Consejo de la Juventud de la Comunidad Valenciana","Valencia","KA154","info@conselljoventut.org","https://conselljoventut.org/es/","https://conselljoventut.org/es/contacta-2/",""
"Fundación Aspaym Castilla y León","Valladolid","KA151, KA220","info@aspaymcyl.org","https://www.aspaymcyl.org/","https://www.aspaymcyl.org/contacto/",""
"AMYCOS - Organización No Gubernamental para la Cooperación Solidaria","Burgos","KA152, KA155","info@amycos.org","https://youth.europa.eu/volunteering/organisation/52457_en","https://amycos.org/contacto/",""
"CANAE - Confederación Estatal de Asociaciones de Estudiantes","Madrid","KA154","info@canae.org","https://canae.org/","https://www.plataformadeinfancia.org/book/canae/","Email confirmado vía Plataforma de Infancia por ofuscación Cloudflare en canae.org"
"Federación de Asociaciones Juveniles para la Movilidad Europea","Galicia","KA152","no encontrado","https://programaseuropeos.injuve.es/sites/main/files/2025-08/resoluci%C3%B3n%20concesi%C3%B3n%20erasmus_juventud%202025_ronda%201_ka1.pdf.xsig_.pdf","N/A","Sin web/email localizable; posible acrónimo o razón social distinta"
"Fundación Canaria de Juventud Ideo","Las Palmas de Gran Canaria y Sta. Cruz de Tenerife","KA154","info@fundacionideo.com","https://www.gobiernodecanarias.org/juventud/fundacion-canaria-de-juventud-ideo/index.html","https://fundacionideo.org/contactus","Dominio del email (.com) difiere del dominio de la web (.org)"
"Federación Portugaleteko Aisialdi Sarea","Portugalete, Bizkaia","KA151, KA154","aisialdisarea@aisialdisarea.org","https://kiribilsarea.org/es-entidades&nodo_Id=299&rel=entidades","https://www.aisialdisarea.org/",""
"Fundación Harribide","Etxebarri, Bizkaia","KA151","info@harribide.org","https://www.euskadi.eus/gobierno-vasco/-/fundacion/harribide-fundazioa/","https://harribide.org/es/contacto/",""
"KAEB-NAI Kultur Arteko Ekintza Berria Nueva Acción Intercultural","Donostia/San Sebastián, Gipuzkoa","KA151, KA154","kaebnai@gmail.com","https://www.euskadi.eus/gobierno-vasco/-/asociacion/asociacion-kaeb-nai-kultur-arteko-ekintza-berria-nueva-accion-intercultural/","https://www.kaebnai.net/kontaktua-contacto",""
"Federació d'Entitats Llatinoamericanes de Catalunya (Fedelatina)","Barcelona","KA153, KA154","administracion@fedelatina.org","https://fedelatina.org/","https://fedelatina.org/contact",""
"Global Ecovillage Network of Europe","Navarra (ecoaldea Arterra Bizimodu, Artieda)","KA153","membership@gen-europe.org","https://gen-europe.org/","https://gen-europe.org/membership-and-application/","Red internacional con NIF de no residente; sin email genérico tipo info@"
"Hola Ghana ONGD","Santander, Cantabria","KA153","hola@holaghana.org","https://www.holaghana.org","https://www.holaghana.org","Web en http (no https); verificar vigencia"
"Fundació Catalunya Voluntària","Barcelona","KA151, KA152, KA153","info@catalunyavoluntaria.cat","https://www.catalunyavoluntaria.cat/es/fundacio-catalunya-voluntaria/","https://www.catalunyavoluntaria.cat/contacte/",""
"Asociación Red Ibérica de Ecoaldeas","Lakabe, Navarra","KA153","riecoordinacion@gmail.com","https://ecoaldeas.org/la-rie/","https://ecoaldeas.org/la-rie/",""
"AHEAD - Association of Human Rights Educators","Barcelona","KA151","ahead@aheadedu.org","https://aheadedu.org/en/ahead-team/","https://aheadedu.org/en/ahead-team/",""
"Youthproaktiv Spain","Madrid","KA151, KA210","pcantero@youthproaktiv.org","https://youthproaktiv.org/about/team/","https://youthproaktiv.org/about/team/","CAUTELA: no se confirmó web propia separada de la entidad española (CIF G87182226); email es de la CEO, no genérico"
"Asociación Arousa Moza","Vilagarcía de Arousa, Pontevedra","KA151, KA154, KA210","arousamoza@gmail.com","https://arousamoza.eu/contacto/","https://arousamoza.eu/contacto/",""
"Federación Euskal Eskautak Bizkaia de Bilbao","Bilbao","KA154","bizkaia@eskaut.org","https://bizkaia.eskaut.org/","https://bizkaia.eskaut.org/contacto/",""
"Kiribil Sarea","Bilbao","KA154, KA210","gerencia@kiribilsarea.org","https://kiribilsarea.org/","https://kiribilsarea.org/es/somos/contacto/",""
"Associació de Xarxa Inca Catalunya (INCA)","Barcelona","KA151","info@inca-cat.org","https://inca-cat.org/en/inca/","https://inca-cat.org/en/inca/",""
"International Initiatives for Cooperation Galicia","Mazaricos, Galicia","KA151, KA154","no encontrado","https://www.facebook.com/IICGal/","N/A","Sin web propia; solo Facebook, no accesible vía scraping"
"Movimiento Scout Católico","Madrid","KA154","no encontrado","https://scouts.es/","N/A","Web oficial sólida, pero página de contacto solo tiene teléfono y formulario, sin email visible"
"Fundación Alianza por los Derechos, la Igualdad y la Solidaridad Internacional (ActionAid España)","Sevilla / Madrid","KA151, KA154","hola@actionaid.org","https://actionaid.es/contacto/","https://actionaid.es/contacto/","CIF G78426558 confirmado en pie de página de actionaid.es; opera bajo la marca comercial ActionAid España"
"Imparables","Cúllar Vega, Granada","KA153, KA154","imparablesasociacion@gmail.com","https://sites.google.com/view/imparablesasociacion","https://sites.google.com/view/imparablesasociacion",""
"Coordinadora Estatal de Plataformas Sociales Salesianas","Madrid","KA210 (denegada)","info@psocialessalesianas.org","https://psocialessalesianas.org/","https://psocialessalesianas.org/quienes-somos/contacto/",""
"Confederación Nacional de Antiguos Alumnos y Antiguas Alumnas de Don Bosco","Madrid","KA210 (denegada)","info@confedebosco.es","https://confedebosco.es/","https://confedebosco.es/",""
"AC Amics de la Biblioteca de la Fonteta","Agres/Silla, Comunidad Valenciana","KA151, KA155, KA220","web@amics.eu","https://www.amics.eu/?page_id=2","https://www.amics.eu/?page_id=879",""
"JEF España (posible correspondencia con 'Federación de Asociaciones Jóvenes Europeístas de España', KA210)","Estatal","KA210","info@jefspain.org","https://www.jefspain.org/","https://www.jefspain.org/equipo","CAUTELA: no confirmado que sea la misma entidad exacta con CIF G86441235 del listado INJUVE; nombre muy similar pero no idéntico"
"Fundació Catalana de l'Esplai (entidad KA210, distinta CIF de la Federació anterior)","El Prat de Llobregat, Barcelona","KA210","fundacio@fundesplai.org","https://fundesplai.org/","https://fundesplai.org/","Grupo Fundesplai tiene varias figuras legales (Fundació/Federació) con CIFs distintos"
"Asoc AIGB (de Investigaciones Geobiológicas)","Canarias","KA151, KA210","no encontrado","https://programaseuropeos.injuve.es/sites/main/files/2025-08/resoluci%C3%B3n%20concesi%C3%B3n%20erasmus_juventud%202025_ronda%201_ka1.pdf.xsig_.pdf","N/A","Sin web/email localizable"
"Asociación Manantial de Arte","Valle de Dílar, Granada","KA210","no encontrado","https://encc.eu/members/asociacion-manantial-de-arte","N/A","Sin email propio localizado; no confundir con Fundación Manantial (salud mental, entidad distinta)"
"Juventud Empoderada","Sevilla","KA210","juventudempoderadasevilla@gmail.com","https://cocemfesevilla.es/nuestras-asociaciones/juventud-empoderada","https://cocemfesevilla.es/nuestras-asociaciones/juventud-empoderada","Email publicado en la web de COCEMFE Sevilla, entidad matriz/colaboradora"
"Asociación Cultural Somos Europa","Granada","Erasmus+ (autodeclarado, KA1)","no encontrado","https://www.somoseuropa.eu/","https://www.salto-youth.net/tools/otlas-partner-finding/organisation/somos-europa.16129/","Solo redes sociales; perfil Otlas confirma actividad Erasmus+"
"Espamob Spain SL","Barcelona","Erasmus+ / CES (autodeclarado)","contact@espamob.com","https://www.espamob.com/en/contact/","https://www.espamob.com/en/contact/","Perfil también en Otlas"
"Youth Europa","Sevilla (también sede en Tartu, Estonia)","Erasmus+ (autodeclarado)","general@youtheuropa.org","https://www.youtheuropa.org/contact/","https://www.youtheuropa.org/contact/",""
"Youth BCN","Barcelona (Sant Martí)","Erasmus+ (coincide con actividad en Croacia, DB CORRADI)","hello@youthbcn.com","https://youthbcn.com/contact/","https://youthbcn.com/contact/","Ya conocida por CORRADI-BOT sin email; email localizado ahora"
"Asociación EuropeYou","Torremolinos, Málaga","Erasmus+ (autodeclarado)","info@europeyou.eu","https://europeyou.eu/","https://europeyou.eu/",""
"Jóvenes Europeístas de Madrid","Madrid","Erasmus+ (Otlas)","no encontrado","https://www.salto-youth.net/tools/otlas-partner-finding/organisation/jvenes-europestas-de-madrid.739/","N/A",""
"Asociación Ser Joven","Santander (Cantabria) / Palencia","CES / Erasmus+","info@ser-joven.org","https://ser-joven.org/","https://ser-joven.org/","Email de programas europeos: sve@ser-joven.org"
"Xeración Valencia","Gandia, Valencia","Erasmus+ (acreditada E10161492)","no encontrado","https://xeracionvalencia.org/contacto/","N/A","Web con problemas de conexión al consultar"
"Asociación Unicidad","Priego de Córdoba","Erasmus+ (autodeclarado)","no encontrado","https://www.asociacionunicidad.org/erasmus/","N/A",""
"Asociación Experientia","Valencia","Erasmus+ Youth Exchanges","info@asociacionexperientia.org","http://asociacionexperientia.org/en/youth-exchanges-erasmus/","http://asociacionexperientia.org/en/youth-exchanges-erasmus/",""
"Asociación Building Bridges (YesEuropa)","Madrid","CES","no encontrado","https://yeseuropa.org/cuerpo-europeo-solidaridad-espana/","N/A","Solo WhatsApp +34673402139 y formulario"
"Asociación Mundus","Badalona (Barcelona) / Zaragoza","CES (entidad de envío)","envios@asociacionmundus.com","https://www.asociacionmundus.com/voluntariado/ces/entidad-de-envio/","https://www.asociacionmundus.com/voluntariado/ces/entidad-de-envio/","Alternativas: info@asociacionmundus.com, comunicacion@asociacionmundus.com"
"Asociación Rumbo a Europa","Sevilla","Erasmus+ (autodeclarado)","asociacionrumboaeuropa@gmail.com","https://rumboaeuropa.com/","https://rumboaeuropa.com/",""
"Asociación Juvenil Inter (AJ Inter)","Jerez de la Frontera, Cádiz","Erasmus+ (autodeclarado)","asociacionjuvenilinter@gmail.com","http://ajinter.org/contacto/","http://ajinter.org/contacto/","Alt: info.ajinter@gmail.com"
"Mundojoven (gestión Erasmus+ Juventud, Murcia)","Murcia","Coordina Agencia Nacional junto a Injuve","participacion@listas.carm.es","https://www.mundojoven.org/contacto","https://www.mundojoven.org/contacto","ATENCION: es entidad institucional (co-gestiona la Agencia Nacional), no una asociación de base — incluir solo como referencia"
"Euro Mirada","No confirmada (vínculo también con Portugal)","Erasmus+ (ya conocida por CORRADI-BOT)","euromirada@gmail.com","https://euromirada.es/","https://euromirada.es/","Alt ya conocida: proyectos@euromirada.es"
"Verbena (Verbena Espacio Creativo S.Coop.)","Biota (Cinco Villas) / Zaragoza","CES (ya conocida por CORRADI-BOT)","hola@verbenacoop.com","https://www.verbenacoop.com/","https://www.verbenacoop.com/",""
"Asociación Amanay","Fuerteventura, Canarias","Erasmus+ (ya conocida por CORRADI-BOT)","directivoamanay@gmail.com","https://www.salto-youth.net/tools/otlas-partner-finding/download/11190/2026%20PIF%20ASOCIACION%20AMANAY.pdf","https://www.salto-youth.net/tools/otlas-partner-finding/download/11190/2026%20PIF%20ASOCIACION%20AMANAY.pdf","Alt: erasmaypresidencia@gmail.com, erasmus.amanay@gmail.com (PIF Otlas)"
"Asociación Mo.SCA","Andalucía (ciudad exacta no localizada)","Erasmus+ KA153 (acreditada Injuve, ya conocida por CORRADI-BOT)","asociacionmosca@gmail.com","2024-1-ES02-KA153-YOU-000241674 (listado subvenciones Injuve)","no verificado independientemente en web propia","Email visto en mensaje real de CORRADI-BOT, no confirmado en web oficial"
"Asociación Vuelo","León (CIF G09969916)","Erasmus+ (ya conocida por CORRADI-BOT)","no encontrado","Diputación de León / SALTO-YOUTH","N/A","Solo presencia en Instagram @asociacion.vuelo"
"Asociación Juvenil Talasa (asoc.talasa)","Comunidad de Madrid","Erasmus+ (ya conocida por CORRADI-BOT)","asoc.talasa@gmail.com","https://asociaciontalasa.wixsite.com/talasa","https://asociaciontalasa.wixsite.com/talasa",""
"Fundación Adislaf","Zaragoza","Erasmus+ (ya conocida por CORRADI-BOT, como 'Fundación Adislaf con Área Activa')","info@adislaf.es","https://adislaf.es/index.php/la-fundacion/","https://adislaf.es/index.php/la-fundacion/","'Área Activa' no confirmado como entidad/programa propio; revisar nombre exacto en el mensaje original"
"Asociación Brújula Intercultural","Santa María del Campo, Burgos","Erasmus+ (acreditada Injuve)","info@asociacionbrujula.es","https://asociacionbrujula.es/contactosc/","https://asociacionbrujula.es/contactosc/",""
"Ticket2Europe","Pontevedra","Erasmus+ (acreditada Injuve)","info@ticket2europe.eu","https://ticket2europe.eu/contacto/","https://ticket2europe.eu/contacto/","Alt: comunicacion@ticket2europe.eu"
"Fundación Splora","Valladolid","Erasmus+ (acreditada Injuve)","hola@splora.es","https://www.splora.es/","https://www.splora.es/",""
"Asociación EuroMuévete","Málaga","Erasmus+ (acreditada Injuve)","info@euromuevete.org","https://euromuevete.org/","https://euromuevete.org/",""
"Asociación Cultural Euroacción Murcia","Murcia","Erasmus+ (acreditada Injuve)","info@euroaccion.com","https://euroaccion.com/contact/","https://euroaccion.com/contact/",""
"Boodaville","Barcelona (proyecto también en Caseres, Tarragona)","Erasmus+ (acreditada Injuve)","thegurney@gmail.com","https://boodaville.org/about-us/","https://boodaville.org/about-us/","CAUTELA: email personal, no institucional"
"Fundación Escuela de Solidaridad","Sierra Elvira, Atarfe (Granada)","Erasmus+ (acreditada Injuve)","edesolidaridad@gmail.com","https://www.escuelasolidaridad.org/erasmus/","https://www.escuelasolidaridad.org/erasmus/",""
"Asociación Avanfuer","Puerto del Rosario, Fuerteventura","Erasmus+ (acreditada Injuve)","no encontrado","https://avanfuer.org/","N/A","Contacto protegido en la web; tel. +34 609 567 196"
"AMEFE (Asociación Malagueña de Educación y Formación Europea)","Málaga","Erasmus+ (acreditada Injuve)","ameyfe@gmail.com","https://ameyfe.es/","https://ameyfe.es/","Alt: projects@ameyfe.es"
"Fundación Plan B Educación Social","Salamanca","Erasmus+ (acreditada Injuve)","contacto@planbeducacionsocial.com","https://planbeducacionsocial.com/","https://planbeducacionsocial.com/",""
"Asociación Juvenil Illipula","Purchena, Almería","Erasmus+ (acreditada Injuve)","no encontrado","https://www.linkedin.com/company/asociaci%C3%B3n-juvenil-illipula","N/A","Solo redes: Instagram @illipula.asocjuvenil"
"Proyecto Nagual","No confirmada","Erasmus+ (acreditada Injuve)","no encontrado","https://proyectonagual.es/","N/A","Solo formulario web"
"Asociación PLAN Be","Castilla y León (CIF G47714050)","Erasmus+ (acreditada Injuve)","no encontrado","listado acreditados Injuve","N/A","Entrada débil; posible solape parcial con Fundación Plan B Educación Social, verificar"
"AMECO - Asociación Medioambiental para la Conservación de Plantas y Animales","Andújar, Jaén","Erasmus+ Juventud KA1/KA2 2025 (Injuve, Ronda 1)","contacto@asociacionameco.org","https://asociacionameco.org/","https://asociacionameco.org/","Proyecto 'Patrulla Verde Europea'"
"Asociación Juvenil Intercambia","Málaga","Erasmus+ Juventud KA1/KA2 2025 (Injuve, Ronda 1)","info@intercambia.org","https://europaerestu.eu/","https://europaerestu.eu/","Activa en KA1, premiada por movilidad juvenil"
"Asociación Deportiva y Cultural Entrejuegos","Alameda, Málaga","Erasmus+ Juventud KA1/KA2 2025 (Injuve, Ronda 1)","no encontrado","https://asociacion-entrejuegos.weebly.com/","N/A","Solo redes sociales"
"Asociación Amigos de Europa","Lucena, Córdoba","Erasmus+ Juventud KA1/KA2 2025 (Injuve, Ronda 1)","asociacionamigosdeeuropa@gmail.com","http://amigosdeeuropa.eu/","http://amigosdeeuropa.eu/",""
"Asociación Las Niñas del Tul","Granada","Erasmus+ Juventud KA1/KA2 2025 (Injuve, Ronda 1)","tul@lasdeltul.net","https://lasdeltul.net/contacto/","https://lasdeltul.net/contacto/",""
"Asociación Cultural Somos la Otra","Íllora, Granada","Erasmus+ Juventud KA1/KA2 2025 (Injuve, Ronda 1)","no encontrado","youth.europa.eu OID E10037554","N/A",""
"Asociación Grupo Desarrollo Rural Valle del Guadalhorce","Pizarra, Málaga","Erasmus+ Juventud KA1/KA2 2025 (Injuve, Ronda 1)","info@valledelguadalhorce.com","https://valledelguadalhorce.org/gdr/","https://valledelguadalhorce.org/gdr/","GDR LEADER, no asociación juvenil pura pero entidad válida"
"Asociación de Desarrollo Social Participativo Imagina","Álora, Málaga","Erasmus+ Juventud KA1/KA2 2025 (Injuve, Ronda 1)","info@asociacionimagina.com","https://asociacionimagina.com/","https://asociacionimagina.com/",""
"Asociación Europa 2020","Puente Genil, Córdoba","Erasmus+ Juventud KA1/KA2 2025 (Injuve, Ronda 1)","no encontrado","N/A","N/A","Sin web propia"
"Asociación Caminos - Asociación para el Intercambio Educación y Desarrollo Social","España","Erasmus+ Juventud KA1/KA2 2025 (Injuve, Ronda 1)","no encontrado","https://www.asoccaminos.org/","N/A",""
"Asociación para el Desarrollo Juvenil y Cultural Almenaras","Rincón de la Victoria, Málaga","Erasmus+ Juventud KA1/KA2 2025 (Injuve, Ronda 1)","no encontrado","N/A","N/A","Solo redes sociales"
"Asociación Juvenil Cultural Demeter","Andalucía","Erasmus+ Juventud KA1/KA2 2025 (Injuve, Ronda 1)","no encontrado","N/A","N/A",""
"Asociación El Salero de Ideas","Huelva","Erasmus+ Juventud KA1/KA2 2025 (Injuve, Ronda 1)","huelvaelsalero@gmail.com","https://huelvaelsalero.wixsite.com/elsalerodeideas","https://huelvaelsalero.wixsite.com/elsalerodeideas",""
"Asociación Lego","no encontrado","Erasmus+ Juventud KA1/KA2 2025 (Injuve, Ronda 1)","no encontrado","N/A","N/A","Nombre demasiado genérico"
"Asociación PAFF","Córdoba","Erasmus+ Juventud KA1/KA2 2025 (Injuve, Ronda 1)","asociacionpaff@gmail.com","https://www.asociacionpaff.com/","https://www.asociacionpaff.com/",""
"Asociación Birdo","no encontrado","Erasmus+ Juventud KA1/KA2 2025 (Injuve, Ronda 1)","no encontrado","N/A","N/A","Solo resolución Injuve KA220 2025"
"Asociación Cultural Simaya","Andalucía","Erasmus+ Juventud KA1/KA2 2025 (Injuve, Ronda 1)","no encontrado","N/A","N/A","Proyecto 'Decoding AI 4 Youth'"
"Asociación Rota","no encontrado","Erasmus+ Juventud KA1/KA2 2025 (Injuve, Ronda 1)","no encontrado","N/A","N/A","Nombre ambiguo con municipio de Rota"
"Los Portales Espacio Cooperativo","Castilblanco de los Arroyos, Sevilla","Erasmus+ Juventud KA1/KA2 2025 (Injuve, Ronda 1)","info@losportales.net","http://www.losportales.net/","http://www.losportales.net/","Ecoaldea/espacio cooperativo"
"Asociación Weleaderz Andalucía","Andalucía","Erasmus+ Juventud KA1/KA2 2025 (Injuve, Ronda 1)","info@weleaderz.com","https://www.weleaderz.com/contacto/","https://www.weleaderz.com/contacto/",""
"Asociación Mosaico Joven","no encontrado","Erasmus+ Juventud KA1/KA2 2025 (Injuve, Ronda 1)","no encontrado","N/A","N/A",""
"Asociación Casa Kuna","Granada","Erasmus+ Juventud KA1/KA2 2025 (Injuve, Ronda 1)","espaciocasakuna@gmail.com","https://casakuna.org/acerca-de/","https://casakuna.org/acerca-de/",""
"Asociación Elísea","no encontrado","Erasmus+ Juventud KA1/KA2 2025 (Injuve, Ronda 1)","no encontrado","N/A","N/A","Sello de calidad CES 2025"
"Asociación Fusiona Joven","no encontrado","Erasmus+ Juventud KA1/KA2 2025 (Injuve, Ronda 1)","no encontrado","N/A","N/A",""
"Asociación Creamos Europa","Jerez de la Frontera, Cádiz","Erasmus+ Juventud KA1/KA2 2025 (Injuve, Ronda 1)","creamoseuropa@gmail.com","https://creamoseuropa.com/","https://creamoseuropa.com/",""
"Asociación Rescate Verde","Alhaurín el Grande, Málaga","Erasmus+ Juventud KA1/KA2 2025 (Injuve, Ronda 1)","asociacionrescateverde@gmail.com","https://www.asociacionrescateverde.com/","https://www.asociacionrescateverde.com/",""
"Asociación Juventud Activa","Huelva","Erasmus+ Juventud KA1/KA2 2025 (Injuve, Ronda 1)","no encontrado","N/A","N/A","Web con error 404"
"Asociación Con Rumbo Propio","Puente Genil, Córdoba","Erasmus+ Juventud KA1/KA2 2025 (Injuve, Ronda 1)","conrumbopropio.info@gmail.com","https://conrumbopropio.wordpress.com/","https://conrumbopropio.wordpress.com/",""
"Asociación Juvenil El Nexo","Maracena, Granada","Erasmus+ Juventud KA1/KA2 2025 (Injuve, Ronda 1)","asociacionelnexo@gmail.com","https://www.asociacionelnexo.org/","https://www.asociacionelnexo.org/",""
"Asociación Natura Sin Basura","Almería (probable)","Erasmus+ Juventud KA1/KA2 2025 (Injuve, Ronda 1)","no encontrado","https://naturasinbasura.org/","N/A","Solo redes sociales"
"Asociación Casa Desvío","Almería (probable)","Erasmus+ Juventud KA1/KA2 2025 (Injuve, Ronda 1)","no encontrado","N/A","N/A",""
"Fundación Agua de Coco","Granada","Erasmus+ Juventud KA1/KA2 2025 (Injuve, Ronda 1)","fundacion@aguadecoco.org","https://aguadecoco.org/quienes-somos/","https://aguadecoco.org/quienes-somos/",""
"Asociación VALE (a favor de personas con discapacidad intelectual)","Dúrcal, Granada","Erasmus+ Juventud KA1/KA2 2025 (Injuve, Ronda 1)","vale@asvale.org","https://asvale.org/quienes-somos/","https://asvale.org/quienes-somos/",""
"Asociación Andaluza Educanda","no encontrado","Erasmus+ Juventud KA1/KA2 2025 (Injuve, Ronda 1)","no encontrado","N/A","N/A",""
"Asociación Centro Socio Cultural Zaidín","Granada","Erasmus+ Juventud KA1/KA2 2025 (Injuve, Ronda 1)","no encontrado","https://csczaidin.wordpress.com/contacto/","N/A","Solo tel/WhatsApp"
"Asociación Juvenil La Ventanita","no encontrado","Erasmus+ Juventud KA1/KA2 2025 (Injuve, Ronda 1)","no encontrado","N/A","N/A",""
"Asociación Acaece","Almería (probable)","Erasmus+ Juventud KA1/KA2 2025 (Injuve, Ronda 1)","no encontrado","N/A","N/A",""
"Asociación El Sur de Europa","no encontrado","Erasmus+ Juventud KA1/KA2 2025 (Injuve, Ronda 1)","no encontrado","N/A","N/A",""
"Asociación Arte Terapia Minarai","no encontrado","Erasmus+ Juventud KA1/KA2 2025 (Injuve, Ronda 1)","no encontrado","N/A","N/A",""
"Asociación Cultural La Biznaga Blanca","Málaga","Erasmus+ Juventud KA1/KA2 2025 (Injuve, Ronda 1)","acbiznaga@gmail.com","labiznagablanca.es / registro municipal Málaga","labiznagablanca.es","Certificado web caducado"
"Asociación Recreo","no encontrado","Erasmus+ Juventud KA1/KA2 2025 (Injuve, Ronda 1)","no encontrado","N/A","N/A",""
"Asociación Cultural Boudicca","no encontrado","Erasmus+ Juventud KA1/KA2 2025 (Injuve, Ronda 1)","no encontrado","N/A","N/A",""
"Asociación Maricuir - Xarxa Cuir del Marítim","Valencia","Erasmus+ Juventud KA1/KA2 2025 (Injuve, Ronda 1)","no encontrado","https://maricuir.es/","N/A","Solo formulario de contacto"
"Asociación Creant Europa","Valencia","Erasmus+ Juventud KA1/KA2 2025 (Injuve, Ronda 1)","info@creanteuropa.com","https://creanteuropa.com/","https://creanteuropa.com/",""
"Asociación Pilcrow","Valencia","Erasmus+ Juventud KA1/KA2 2025 (Injuve, Ronda 1)","office@pilcrow.es","https://www.pilcrow.es/","https://www.pilcrow.es/","Alt: projects@pilcrow.es"
"Asociación Cultural Fetén","Valencia","Erasmus+ Juventud KA1/KA2 2025 (Injuve, Ronda 1)","asociacionfeten@gmail.com","https://www.hacesfalta.org/transparencia-ong/asociacion-cultural-feten/detalle/20212","https://www.hacesfalta.org/transparencia-ong/asociacion-cultural-feten/detalle/20212",""
"Asociación Artística Te Encuentro","no encontrado","Erasmus+ Juventud KA1/KA2 2025 (Injuve, Ronda 1)","no encontrado","N/A","N/A","Sin web/registro localizable"
"Club Futbol Sala Bisontes Castellón","Castellón de la Plana","Erasmus+ Juventud KA1/KA2 2025 (Injuve, Ronda 1)","club@bisontescastellon.com","http://www.bisontescastellon.com/informacion-general/","http://www.bisontescastellon.com/informacion-general/",""
"Club Atlético Caudiel","Caudiel, Castellón","Erasmus+ Juventud KA1/KA2 2025 (Injuve, Ronda 1)","no encontrado","https://clubatleticocaudiel.com/","N/A",""
"Club Deportivo Magic de Castelló","Castellón de la Plana","Erasmus+ Juventud KA1/KA2 2025 (Injuve, Ronda 1)","no encontrado","https://solo-futsal.es/tercera-division-futbol-sala-grupo-14-comunidad-valenciana/clubs/3276-cd-magic-de-castello","N/A",""
"Kali Yag - Asociación por los Derechos de la Cultura Romaní","Paterna, Valencia","Erasmus+ Juventud KA1/KA2 2025 (Injuve, Ronda 1)","kali-yag@hotmail.com","https://kaliyag.com/","https://kaliyag.com/",""
"Asociación Ágora Cultural","no encontrado","Erasmus+ Juventud KA1/KA2 2025 (Injuve, Ronda 1)","no encontrado","N/A","N/A","No investigada, cupo de búsqueda agotado"
"Asociación Promesas (metodologías educativas)","no encontrado","Erasmus+ Juventud KA1/KA2 2025 (Injuve, Ronda 1)","no encontrado","N/A","N/A","No investigada, cupo de búsqueda agotado"
"Asociación por la Resiliencia Rural del Alto Mijares","no encontrado","Erasmus+ Juventud KA1/KA2 2025 (Injuve, Ronda 1)","no encontrado","N/A","N/A","No investigada, cupo de búsqueda agotado"
"Club Mediterranean Beach Volley","Grau de Castelló","Erasmus+ Juventud KA1/KA2 2025 (Injuve, Ronda 1)","info@medbeachvolley.com","https://medbeachvolley.com/","https://medbeachvolley.com/",""
"Club de Fútbol Sorinthule Football Pro Burriana","Burriana, Castellón","Erasmus+ Juventud KA1/KA2 2025 (Injuve, Ronda 1)","footballproburriana@gmail.com","https://footballproburriana.com/","https://footballproburriana.com/",""
"Fundación La Vila es Bella","La Vila Joiosa, Alicante","Erasmus+ Juventud KA1/KA2 2025 (Injuve, Ronda 1)","presidente@fundacionlavilaesbella.com","https://fundacionlavilaesbella.com/","https://fundacionlavilaesbella.com/","Página /contacto directa dio 404, confirmar antes de usar"
"Asociación Empresarial L'Alqueria Projectes Educatius (ALPE)","Guadassuar, Valencia","Erasmus+ Juventud KA1/KA2 2025 (Injuve, Ronda 1)","info@alqueriaeducatius.org","https://www.alqueriaeducatius.org/contact/","https://www.alqueriaeducatius.org/contact/",""
"AVAL Asperger","Valencia (probable)","Erasmus+ Juventud KA1/KA2 2025 (Injuve, Ronda 1)","no encontrado","https://www.avalatea.com/","N/A","Solo formulario/Instagram"
"ASEID - Asociación para el Empleo, la Inclusión y el Desarrollo","Alcoy, Alicante","Erasmus+ Juventud KA1/KA2 2025 (Injuve, Ronda 1)","aseidasociacion@gmail.com","https://aseid.es/en/","https://aseid.es/en/",""
"Asociación Cultural Diemal","Valencia","Erasmus+ Juventud KA1/KA2 2025 (Injuve, Ronda 1)","info@diemal.org","http://diemal.es/contacto/","http://diemal.es/contacto/",""
"Fundación de la Comunidad Valenciana Estudio y Cultura (ESYCU)","Valencia","Erasmus+ Juventud KA1/KA2 2025 (Injuve, Ronda 1)","esycu@fundacionesycu.org","https://www.fundacionesycu.org/","https://www.fundacionesycu.org/",""
"Asociación El Cerezo de Villena","Villena, Alicante","Erasmus+ Juventud KA1/KA2 2025 (Injuve, Ronda 1)","incorpora@elcerezo.org","https://www.elcerezovillena.org/contacto/","https://www.elcerezovillena.org/contacto/",""
"PROACTIVA - Asociación para el Desarrollo Integral de Personas de Altas Capacidades y Talentos","Alicante","Erasmus+ Juventud KA1/KA2 2025 (Injuve, Ronda 1)","no encontrado","https://proactivacv.org/","N/A","Solo formulario"
"Xano Channel - Asociación para el Desarrollo Comunitario","Valencia","Erasmus+ Juventud KA1/KA2 2025 (Injuve, Ronda 1)","no encontrado","https://www.facebook.com/Xano.Channel.Asociacion/","N/A","Web xano.es con error 500"
"Asociación Yellow vs Blue","no encontrado","Erasmus+ Juventud KA1/KA2 2025 (Injuve, Ronda 1)","no encontrado","N/A","N/A","No localizada, posible error de transcripción en Injuve"
"Fundación de la Comunitat Valenciana Instituto de Ecología Litoral","El Campello, Alicante","Erasmus+ Juventud KA1/KA2 2025 (Injuve, Ronda 1)","no encontrado","https://ecologialitoral.com/","N/A","Solo teléfono"
"Fundación por la Justicia de la Comunidad Valenciana","Valencia","Erasmus+ Juventud KA1/KA2 2025 (Injuve, Ronda 1)","admon@fundacionporlajusticia.org","http://www.fundacionporlajusticia.org","http://www.fundacionporlajusticia.org",""
"ALASAC - Asociación de Altas Capacidades y Talentos","Alicante","Erasmus+ Juventud KA1/KA2 2025 (Injuve, Ronda 1)","alasac@alasac.es","https://alasac.es/","https://alasac.es/",""
"Asociación para la Promoción del Talento y la Innovación Tecnológica y Social (INNOWA)","Comunidad Valenciana","Erasmus+ Juventud KA1/KA2 2025 (Injuve, Ronda 1)","no encontrado","resolución Injuve / EU Funding Portal","N/A",""
"Asociación Valencia Inno Hub","Valencia","Erasmus+ Juventud KA1/KA2 2025 (Injuve, Ronda 1)","no encontrado","https://valenciainnohub.com/contacto","N/A","Solo formulario"
"Asociación Fractals Educación Artística","no encontrado","Erasmus+ Juventud KA1/KA2 2025 (Injuve, Ronda 1)","no encontrado","N/A","N/A","No investigada, cupo de búsqueda agotado"
"Federación Valenciana de Empresarios de la Construcción (FEVEC)","no encontrado","Erasmus+ Juventud KA1/KA2 2025 (Injuve, Ronda 1)","no encontrado","N/A","N/A","Dominio no resuelve"
"AIJU - Asociación de Investigación de la Industria del Juguete, Conexas y Afines","Ibi, Alicante","Erasmus+ Juventud KA1/KA2 2025 (Injuve, Ronda 1)","comunicacion@aiju.es","https://www.aiju.es/","https://www.aiju.es/","Instituto tecnológico, sede también en Valencia"
"Asociación La Rotllana","Badalona, Barcelona","Erasmus+ Juventud KA1/KA2 2025 (Injuve, Ronda 1)","rotllana@rotllana.cat","https://rotllana.cat/en/","https://rotllana.cat/en/",""
"Asociación Cultural Impactarte","Barcelona","Erasmus+ Juventud KA1/KA2 2025 (Injuve, Ronda 1)","no encontrado","https://xeu.cat/associacio-cultural-impactarte/","N/A","Solo teléfono"
"Asociación de Arte Piluso","Barcelona (Poble Sec)","Erasmus+ Juventud KA1/KA2 2025 (Injuve, Ronda 1)","no encontrado","https://espaipiluso.com/","N/A","Solo tel/WhatsApp"
"Fundació Montblanc per a la Promoció de la Dona","Barcelona (Sarrià-Sant Gervasi)","Erasmus+ Juventud KA1/KA2 2025 (Injuve, Ronda 1)","fundacio@fundaciomontblanc.org","https://www.fundaciomontblanc.org/","https://www.fundaciomontblanc.org/",""
"CAFAE - Cultural Asociación del Folklore Argentino en Europa","Barcelona","Erasmus+ Juventud KA1/KA2 2025 (Injuve, Ronda 1)","info@cafae.es","https://www.cafae.es/","https://www.cafae.es/",""
"Club Bàsquet Vilassar de Mar","Vilassar de Mar, Barcelona","Erasmus+ Juventud KA1/KA2 2025 (Injuve, Ronda 1)","vdmbasquet@gmail.com","vdmbasquet.cat","vdmbasquet.cat",""
"Federació Catalana de l'Esplai","El Prat de Llobregat, Barcelona","Erasmus+ Juventud KA1/KA2 2025 (Injuve, Ronda 1)","federacio@fundesplai.org","https://fundesplai.org/ca/contacte/","https://fundesplai.org/ca/contacte/",""
"Asociación Ucraniana Girasol","no encontrado","Erasmus+ Juventud KA1/KA2 2025 (Injuve, Ronda 1)","no encontrado","N/A","N/A","CIF no corresponde a provincia catalana, posible dato erróneo en fuente"
"Asociación Cultural y Educativa Symbiotic Roots","no encontrado","Erasmus+ Juventud KA1/KA2 2025 (Injuve, Ronda 1)","no encontrado","N/A","N/A",""
"Asociación Cultural Minusas al Vacío","Barcelona","Erasmus+ Juventud KA1/KA2 2025 (Injuve, Ronda 1)","no encontrado","https://www.alternativateatral.com/obra42566-minusas-al-vacio","N/A","Colectivo de teatro/improvisación"
"ONGD UGC Unión Global para el Cambio","no encontrado","Erasmus+ Juventud KA1/KA2 2025 (Injuve, Ronda 1)","no encontrado","N/A","N/A",""
"Instituto Ikigai - Asociación Española para el Emprendimiento y el Desarrollo Personal y Profesional","Zaragoza (no Cataluña, discrepancia con listado)","Erasmus+ Juventud KA1/KA2 2025 (Injuve, Ronda 1)","no encontrado","institutoikigai.es","N/A",""
"Fundación José Miguel Catalán","Castelldefels, Barcelona","Erasmus+ Juventud KA1/KA2 2025 (Injuve, Ronda 1)","fundacionjosemiguelcatalan23@gmail.com","https://xeu.cat/fundacio-jose-miguel-catalan/","https://xeu.cat/fundacio-jose-miguel-catalan/",""
"ONGD REMI - Raíces en Movimiento Internacional","no encontrado","Erasmus+ Juventud KA1/KA2 2025 (Injuve, Ronda 1)","no encontrado","N/A","N/A","Posible web de artista individual, no verificado con confianza"
"Coordinació Catalana de Colònies Casals i Clubs d'Esplai","Barcelona","Erasmus+ Juventud KA1/KA2 2025 (Injuve, Ronda 1)","secretaria@coordinaciocatalana.org","https://www.coordinaciocatalana.org/contacte/","https://www.coordinaciocatalana.org/contacte/",""
"Asociación Word Machine Factory","no encontrado","Erasmus+ Juventud KA1/KA2 2025 (Injuve, Ronda 1)","no encontrado","N/A","N/A",""
"Asociación para el Talento","no encontrado","Erasmus+ Juventud KA1/KA2 2025 (Injuve, Ronda 1)","no encontrado","N/A","N/A",""
"Fundació Catalana de l'Esplai","El Prat de Llobregat, Barcelona","Erasmus+ Juventud KA1/KA2 2025 (Injuve, Ronda 1)","fundacio@fundesplai.org","fundesplai.org","fundesplai.org","Hermana de la Federació, mismo grupo Fundesplai, CIF distinto"
"ONG Voluntariado","no encontrado","Erasmus+ Juventud KA1/KA2 2025 (Injuve, Ronda 1)","no encontrado","N/A","N/A","Nombre demasiado genérico"
"Fundació per a la Universitat Oberta de Catalunya","Barcelona","Erasmus+ Juventud KA1/KA2 2025 (Injuve, Ronda 1)","gerencia@uoc.edu","uoc.edu","uoc.edu",""
"Asociación Let Her In Internacional","no encontrado","Erasmus+ Juventud KA1/KA2 2025 (Injuve, Ronda 1)","no encontrado","N/A","N/A",""
"Fundació per la Pau (FundiPau)","Barcelona","Erasmus+ Juventud KA1/KA2 2025 (Injuve, Ronda 1)","info@fundipau.org","fundacioperlapau.org","fundipau.org",""
"Fundación Plant for the Planet España","Barcelona","Erasmus+ Juventud KA1/KA2 2025 (Injuve, Ronda 1)","info@planetspain.org","https://www.plant-for-the-planet.org/spain/","https://www.plant-for-the-planet.org/spain/",""
"Federació de Persones Sordes de Catalunya (FESOCA)","Barcelona","Erasmus+ Juventud KA1/KA2 2025 (Injuve, Ronda 1)","fesoca@fesoca.org","http://www.fesoca.org","http://www.fesoca.org",""
"Fundació Support-Girona","Girona","Erasmus+ Juventud KA1/KA2 2025 (Injuve, Ronda 1)","girona@supportgirona.cat","https://supportgirona.cat/qui-som/contacte/la-fundacio","https://supportgirona.cat/qui-som/contacte/la-fundacio",""
"Fundació Privada Gentis","Girona","Erasmus+ Juventud KA1/KA2 2025 (Injuve, Ronda 1)","info@gentis.org","https://www.gentis.org/contacte-gentis/","https://www.gentis.org/contacte-gentis/",""
"Fundació Privada Resilis","Girona","Erasmus+ Juventud KA1/KA2 2025 (Injuve, Ronda 1)","no encontrado","https://www.resilis.org/contacte/","N/A","Solo email de LOPD, no de contacto general"
"Associació Obre't'Ebre","Roquetes, Tarragona","Erasmus+ Juventud KA1/KA2 2025 (Injuve, Ronda 1)","sveterresebre@hotmail.com","https://obretebre.wordpress.com/contacta/","https://obretebre.wordpress.com/contacta/","Email informal en Hotmail, verificar antes de usar"
"Associació de Xarxa Inca Catalunya","Barcelona","Erasmus+ Juventud KA1/KA2 2025 (Injuve, Ronda 1)","info@inca-cat.org","https://inca-cat.org/en/contact/","https://inca-cat.org/en/contact/",""
"Col·lectiu La Vibria d'Iniciatives Culturals per la Tolerància i la Integració Social","Terrassa, Barcelona","Erasmus+ Juventud KA1/KA2 2025 (Injuve, Ronda 1)","info@vibria.org","https://vibria.org/que-fem/","https://vibria.org/que-fem/","Oficinas también en Igualada y Manresa"
"Taller d'Art, Cultura i Creació","no encontrado","Erasmus+ Juventud KA1/KA2 2025 (Injuve, Ronda 1)","no encontrado","N/A","N/A","Acreditada Erasmus+ OID E10037554, sin presencia web identificable"
"Teatre del Sí","no encontrado","Erasmus+ Juventud KA1/KA2 2025 (Injuve, Ronda 1)","no encontrado","N/A","N/A",""
"Asociación Building Bridges","Madrid","Erasmus+ Juventud KA1/KA2 2025 (Injuve, Ronda 1)","no encontrado","https://yeseuropa.org/ong-madrid-building-bridges/","N/A","Solo redes sociales/WhatsApp"
"Asociación de Libre-pensadores de la Sierra (LPS)","Cercedilla, Madrid","Erasmus+ Juventud KA1/KA2 2025 (Injuve, Ronda 1)","no encontrado","https://www.asociate.es/comunidad-de-madrid/asociacion-de-libre-pensadores-de-la-sierra-de-madrid-lps/","N/A",""
"Asociación para el Desarrollo del Plan Comunitario de Carabanchel Alto","Madrid (Carabanchel)","Erasmus+ Juventud KA1/KA2 2025 (Injuve, Ronda 1)","no encontrado","https://plancomunitariocarabanchel.net/","N/A","Solo teléfono"
"Asociación Otra Escuela","no encontrado","Erasmus+ Juventud KA1/KA2 2025 (Injuve, Ronda 1)","no encontrado","N/A","N/A",""
"Fundación También","Madrid","Erasmus+ Juventud KA1/KA2 2025 (Injuve, Ronda 1)","fundacion@tambien.org","https://tambien.org/contacto/","https://tambien.org/contacto/",""
"Fundación del Valle","Madrid","Erasmus+ Juventud KA1/KA2 2025 (Injuve, Ronda 1)","fundaciondelvalle@fundaciondelvalle.org","https://www.fundaciondelvalle.org/contacto/","https://www.fundaciondelvalle.org/contacto/",""
"Asociación Socialty","no encontrado","Erasmus+ Juventud KA1/KA2 2025 (Injuve, Ronda 1)","no encontrado","N/A","N/A",""
"Club Deportivo La Paz","Parla, Madrid","Erasmus+ Juventud KA1/KA2 2025 (Injuve, Ronda 1)","info@cdlapaz.net","http://cdlapaz.net/contacto/","http://cdlapaz.net/contacto/",""
"Asociación Barro","Madrid (Puente de Vallecas)","Erasmus+ Juventud KA1/KA2 2025 (Injuve, Ronda 1)","abarro@asociacionbarro.org","https://asociacionbarro.org.es/contacto/","https://asociacionbarro.org.es/contacto/",""
"Asociación Cultural Sol y Tierra","Valdepiélagos, Madrid","Erasmus+ Juventud KA1/KA2 2025 (Injuve, Ronda 1)","solytierra@solytierra.com","https://youth.europa.eu/volunteering/organisation/52313_en","https://youth.europa.eu/volunteering/organisation/52313_en",""
"Redes Sociedad Cooperativa MAD","Madrid","Erasmus+ Juventud KA1/KA2 2025 (Injuve, Ronda 1)","redes@redes.coop","https://redes.coop/contacto/","https://redes.coop/contacto/",""
"Asociación Residui Teatro","Madrid","Erasmus+ Juventud KA1/KA2 2025 (Injuve, Ronda 1)","no encontrado","https://youth.europa.eu/volunteering/organisation/52417_en","N/A","Email con dominio .it de baja confianza, web propia caída — no dar por bueno"
"Asociación Vana","no encontrado","Erasmus+ Juventud KA1/KA2 2025 (Injuve, Ronda 1)","no encontrado","N/A","N/A","El único 'Vana' localizado es un estudio de arquitectura, no coincide"
"Asociación Wonderers Collective","Madrid (equipo vinculado a Galicia)","Erasmus+ Juventud KA1/KA2 2025 (Injuve, Ronda 1)","wonderers.collective@gmail.com","https://wonderers.eu/","https://wonderers.eu/","Confirmada beneficiaria Erasmus+ 2024 Madrid vía Injuve"
"Asociación Cultural Calatea","Madrid","Erasmus+ Juventud KA1/KA2 2025 (Injuve, Ronda 1)","info@calatea.es","https://www.calatea.es/","https://www.calatea.es/","Opera también en Barcelona/Pamplona"
"Asociación de Fomento del Emprendimiento Social","no encontrado","Erasmus+ Juventud KA1/KA2 2025 (Injuve, Ronda 1)","no encontrado","N/A","N/A",""
"Asociación Folqué? Madrid","Madrid","Erasmus+ Juventud KA1/KA2 2025 (Injuve, Ronda 1)","folquemadrid@gmail.com","https://www.danza.es/danza.es/guia-danza/asociaciones/folque","https://www.danza.es/danza.es/guia-danza/asociaciones/folque",""
"Fundación Moncloa 2000","Madrid","Erasmus+ Juventud KA1/KA2 2025 (Injuve, Ronda 1)","info@fundacionmoncloa2000.org","https://www.fundacionmoncloa.org/","https://www.fundacionmoncloa.org/",""
"Fundación Esfera","Leganés, Madrid","Erasmus+ Juventud KA1/KA2 2025 (Injuve, Ronda 1)","info@fundacionesfera.com","https://www.fundacionesfera.com/","https://www.fundacionesfera.com/",""
"Asociación Cultural TEN","Madrid","Erasmus+ Juventud KA1/KA2 2025 (Injuve, Ronda 1)","no encontrado","resolución oficial Injuve 2025","N/A",""
"Asociación ItsTimeToThink","Madrid","Erasmus+ Juventud KA1/KA2 2025 (Injuve, Ronda 1)","hola@itstimetothink.es","https://www.itstimetothink.org/contacto","https://www.itstimetothink.org/contacto",""
"Asociación Exmenas","Madrid","Erasmus+ Juventud KA1/KA2 2025 (Injuve, Ronda 1)","contacto@exmenas.org","https://exmenas.org/contacto/","https://exmenas.org/contacto/",""
"Fundación Promoción Social de la Cultura","Madrid","Erasmus+ Juventud KA1/KA2 2025 (Injuve, Ronda 1)","promocionsocial@promocionsocial.org","https://promocionsocial.org/en/contacto/","https://promocionsocial.org/en/contacto/",""
"Asociación DAN ZASS (Música, Danza y Teatro para personas con discapacidad)","Madrid","Erasmus+ Juventud KA1/KA2 2025 (Injuve, Ronda 1)","asociacion.dan.zass@gmail.com","https://www.guiaongs.org/directorio/ongs/asociacion-dan-zass-danza-y-teatro-para-personas-con-discapacidad-5-1-2184/","https://www.guiaongs.org/directorio/ongs/asociacion-dan-zass-danza-y-teatro-para-personas-con-discapacidad-5-1-2184/",""
"Fundación Tech Don Bosco","Madrid","Erasmus+ Juventud KA1/KA2 2025 (Injuve, Ronda 1)","techdonbosco@salesianos.es","https://www.techdonbosco.es/contacto/","https://www.techdonbosco.es/contacto/",""
"Fundación Prodis","Madrid","Erasmus+ Juventud KA1/KA2 2025 (Injuve, Ronda 1)","fundacionprodis@fundacionprodis.org","https://fundacionprodis.org/contacto/contacto-general/","https://fundacionprodis.org/contacto/contacto-general/",""
"Fundación Cibervoluntarios","Madrid","Erasmus+ Juventud KA1/KA2 2025 (Injuve, Ronda 1)","fundacion@cibervoluntarios.org","https://cibervoluntarios.org/","https://cibervoluntarios.org/",""
"Fundación de los Ferrocarriles Españoles, F.S.P.","Madrid","Erasmus+ Juventud KA1/KA2 2025 (Injuve, Ronda 1)","palacio@ffe.es","https://ffe.es/fundacion/contacto.asp","https://ffe.es/fundacion/contacto.asp",""
"Asociación We Live","no encontrado","Erasmus+ Juventud KA1/KA2 2025 (Injuve, Ronda 1)","no encontrado","resolución Injuve 2025","N/A",""
"Club Deportivo Chañe","Chañe, Segovia","Erasmus+ Juventud KA1/KA2 2025 (Injuve, Ronda 1)","clubdeportivochane@gmail.com","https://www.clubdeportivochane.com/contactanos","https://www.clubdeportivochane.com/contactanos",""
"Asociación Deses 3","Muga de Sayago, Zamora","Erasmus+ Juventud KA1/KA2 2025 (Injuve, Ronda 1)","no encontrado","https://www.cecapjoven.com/es/1/3656/","N/A","Dirigida por Jonás Martín; no confundir con ADES Zamora"
"Asociación Jóvenes Solidarios Arenas de San Pedro","Arenas de San Pedro, Ávila","Erasmus+ Juventud KA1/KA2 2025 (Injuve, Ronda 1)","ajovenes@ajovenes.es","https://ajovenes.es/landing-page/contactanos/","https://ajovenes.es/landing-page/contactanos/",""
"Asociación Auryn","León","Erasmus+ Juventud KA1/KA2 2025 (Injuve, Ronda 1)","info@asociacionauryn.org","https://www.asociacionauryn.org/contacto/","https://www.asociacionauryn.org/contacto/","Alt: centrojuvenilauryn@hotmail.com"
"Asociación Medinatura","Medina del Campo, Valladolid","Erasmus+ Juventud KA1/KA2 2025 (Injuve, Ronda 1)","no encontrado","lavozdemedinadigital.com","N/A",""
"Asociación Brainstorming","no encontrado","Erasmus+ Juventud KA1/KA2 2025 (Injuve, Ronda 1)","no encontrado","listado Injuve organizaciones acreditadas","N/A","Confirmada beneficiaria KA152 2024"
"Asociación Cultural Teatro Lar","Sepúlveda, Segovia","Erasmus+ Juventud KA1/KA2 2025 (Injuve, Ronda 1)","no encontrado","https://reacc.org/reacc/espacios-agentes/","N/A","Red REACC sugiere mediar vía hola@reacc.org"
"Asociación Cultural y Cívica Fuentevieja","Palencia (sin confirmar con certeza)","Erasmus+ Juventud KA1/KA2 2025 (Injuve, Ronda 1)","no encontrado","https://www.facebook.com/lafuentevieja/","N/A","Cuidado con homónimas en Andalucía/Toledo"
"Alma Terra - Asociación de Municipios Ibéricos por la Defensa del Patrimonio","Monleras, Salamanca","Erasmus+ Juventud KA1/KA2 2025 (Injuve, Ronda 1)","info@recordare.com","https://alma-terra.es/","https://alma-terra.es/",""
"Asociación Gastronómica Europea","León","Erasmus+ Juventud KA1/KA2 2025 (Injuve, Ronda 1)","asociaciongastronomicaeuropea@gmail.com","https://asociaciongastrono2.wixsite.com/website/contacto","https://asociaciongastrono2.wixsite.com/website/contacto",""
"Asociación Juvenil Miróbriga Joven","Ciudad Rodrigo, Salamanca","Erasmus+ Juventud KA1/KA2 2025 (Injuve, Ronda 1)","no encontrado","https://www.instagram.com/mirobrigajoven/","N/A","Contacto principal vía Instagram"
"Fundación Caja de Burgos","Burgos","Erasmus+ Juventud KA1/KA2 2025 (Injuve, Ronda 1)","fundacion@cajadeburgos.com","https://webvieja-fcdb.cajadeburgos.com/acercade/contactar.html","https://webvieja-fcdb.cajadeburgos.com/acercade/contactar.html",""
"Fundación Give Me Five","Zamora/Valladolid (proyectos)","Erasmus+ Juventud KA1/KA2 2025 (Injuve, Ronda 1)","info@fundaciongivemefive.org","https://www.fundaciongivemefive.org/","https://www.fundaciongivemefive.org/",""
"ACENVA - Asociación para la Conservación y Estudio de la Naturaleza de Valladolid","Valladolid","Erasmus+ Juventud KA1/KA2 2025 (Injuve, Ronda 1)","acenva@yahoo.es","https://www.paginasamarillas.es/f/valladolid/acenva_204024574_000000001.html","https://www.paginasamarillas.es/f/valladolid/acenva_204024574_000000001.html",""
"Federación de Centros Juveniles Don Bosco de Castilla y León","Valladolid","Erasmus+ Juventud KA1/KA2 2025 (Injuve, Ronda 1)","direccion@federboscocyl.org","https://www.federboscocyl.org/","https://www.federboscocyl.org/",""
"Federación Salud Mental Castilla y León","Valladolid","Erasmus+ Juventud KA1/KA2 2025 (Injuve, Ronda 1)","info@saludmentalcyl.org","https://nuevaweb.saludmentalcyl.org/contacto/","https://nuevaweb.saludmentalcyl.org/contacto/",""
"Plataforma Habitat","no encontrado","Erasmus+ Juventud KA1/KA2 2025 (Injuve, Ronda 1)","no encontrado","N/A","N/A","No identificada de forma inequívoca"
"FUNAFOR - Fundación de Apoyo y Asesoramiento a la Formación","Camponaraya, León","Erasmus+ Juventud KA1/KA2 2025 (Injuve, Ronda 1)","no encontrado","https://www.paginasamarillas.es/f/camponaraya/fundacion-de-apoyo-y-asesoramiento-a-la-formacion-funafor_235063120_000000001.html","N/A",""
"Fundación Red Incola","Valladolid","Erasmus+ Juventud KA1/KA2 2025 (Injuve, Ronda 1)","info@redincola.org","https://becasredincola.org/contacto/","https://becasredincola.org/contacto/",""
"Fundación Santa María la Real del Patrimonio Histórico","Aguilar de Campoo, Palencia","Erasmus+ Juventud KA1/KA2 2025 (Injuve, Ronda 1)","comunicacion@santamarialareal.org","https://santamarialareal.org/contacto/","https://santamarialareal.org/contacto/",""
"Asociación La Bien Pagá Espacio Escénico","Valladolid","Erasmus+ Juventud KA1/KA2 2025 (Injuve, Ronda 1)","salalabienpaga@gmail.com","https://www.valladolid.es/participa/en/asociaciones/registro-asociaciones/asociacion-bien-paga-espacio-escenico","https://www.valladolid.es/participa/en/asociaciones/registro-asociaciones/asociacion-bien-paga-espacio-escenico",""
"Fundación Eusebio Sacristán para el Desarrollo del Deporte","Valladolid","Erasmus+ Juventud KA1/KA2 2025 (Injuve, Ronda 1)","info@fundacioneusebiosacristan.es","https://fundacioneusebiosacristan.es/contacto/","https://fundacioneusebiosacristan.es/contacto/",""
"Acción Laboral","Valladolid","Erasmus+ Juventud KA1/KA2 2025 (Injuve, Ronda 1)","no encontrado","https://www.accionlaboral.com/en/node/187","N/A",""
"Fundación General de la Universidad de Burgos","Burgos","Erasmus+ Juventud KA1/KA2 2025 (Injuve, Ronda 1)","fundacion.ubu@ubu.es","https://fundacionubu.com/contacto","https://fundacionubu.com/contacto",""
"Entidad de Promoción y Recreación Deportiva Kin-Ball Valladolid","Valladolid","Erasmus+ Juventud KA1/KA2 2025 (Injuve, Ronda 1)","no encontrado","https://kinballvalladolid.wixsite.com/kinballvalladolid","N/A",""
"EPSJ Casa-Escuelas Santiago Uno","Salamanca","Erasmus+ Juventud KA1/KA2 2025 (Injuve, Ronda 1)","correo@casaescuelasantiagouno.es","https://casaescuelasantiagouno.es/contacto/","https://casaescuelasantiagouno.es/contacto/",""
"Brisa Intercultural","Burgos","Erasmus+ Juventud KA1/KA2 2025 (Injuve, Ronda 1)","no encontrado","https://www.aytoburgos.es/-/asociacion-brisa-intercultural","N/A",""
"Asociación Xeración","Ferrol, A Coruña","Erasmus+ Juventud KA1/KA2 2025 (Injuve, Ronda 1)","no encontrado","https://xeracion.org/nosotros/","N/A","Solo WhatsApp"
"Asociación Cultural InGalicia","A Coruña","Erasmus+ Juventud KA1/KA2 2025 (Injuve, Ronda 1)","info@ingalicia.org","https://www.ingalicia.org/ingalicia/mision/","https://www.ingalicia.org/ingalicia/mision/","Eurodesk local A Coruña"
"Asociación Cultural Sende","Lobeira, Ourense","Erasmus+ Juventud KA1/KA2 2025 (Injuve, Ronda 1)","sendeorg@gmail.com","https://pangea.gal/asociacion-cultural-sende","https://pangea.gal/asociacion-cultural-sende",""
"FOCO - Asociación para la Formación y Cooperación en Europa","A Guarda, Pontevedra","Erasmus+ Juventud KA1/KA2 2025 (Injuve, Ronda 1)","info@focoeuropa.com","https://youth.europa.eu/volunteering/organisation/E10277882_es","https://youth.europa.eu/volunteering/organisation/E10277882_es",""
"Asociación On My Way","Galicia","Erasmus+ Juventud KA1/KA2 2025 (Injuve, Ronda 1)","associationmyway@gmail.com","https://onmyway.blog/","https://onmyway.blog/",""
"Asociación de Innovación Socioeducativa","no encontrado","Erasmus+ Juventud KA1/KA2 2025 (Injuve, Ronda 1)","no encontrado","N/A","N/A","No localizada web/registro con este nombre exacto"
"SomosTerra Sociedade Cooperativa Galega","Nigrán, Pontevedra","Erasmus+ Juventud KA1/KA2 2025 (Injuve, Ronda 1)","cooperativa@somosterra.gal","https://www.axesor.es/Informes-Empresas/n/10416858/SOMOSTERRA_SOCIEDADE_COOP_GALEGA_XUVENIL.html","https://www.axesor.es/Informes-Empresas/n/10416858/SOMOSTERRA_SOCIEDADE_COOP_GALEGA_XUVENIL.html",""
"Asociación Sociocultural BreGal","Orense","Erasmus+ Juventud KA1/KA2 2025 (Injuve, Ronda 1)","info@asociacionbregal.org","https://asociacionbregal.org/","https://asociacionbregal.org/",""
"Asociación Os Mixtos","Meaus, Baltar, Ourense","Erasmus+ Juventud KA1/KA2 2025 (Injuve, Ronda 1)","no encontrado","https://www.asociate.es/sin-categoria/espazo-aberto-galiza-pola-amizade-entre-os-povos/","N/A",""
"Asociación Xuvenil Motus Europa","A Coruña","Erasmus+ Juventud KA1/KA2 2025 (Injuve, Ronda 1)","no encontrado","https://motuseuropa.org/contacto/","N/A","Solo formulario"
"Asociación Sociocultural Ecolectivo","Vigo, Pontevedra","Erasmus+ Juventud KA1/KA2 2025 (Injuve, Ronda 1)","proxectoecolectivo@gmail.com","http://ecolectivovigo.org/contacto/","http://ecolectivovigo.org/contacto/",""
"Asociación Fogart","Santiago de Compostela","Erasmus+ Juventud KA1/KA2 2025 (Injuve, Ronda 1)","no encontrado","https://www.iberinform.es/empresa/8877109/asociacion-fogart","N/A",""
"Asociación Xuvenil Imaxina e Axuda","A Estrada, Pontevedra","Erasmus+ Juventud KA1/KA2 2025 (Injuve, Ronda 1)","imaxinaeaxuda@gmail.com","https://voluntariadogalego.org/es/entidades/9089","https://voluntariadogalego.org/es/entidades/9089",""
"Asociación para o Desenvolvemento Rural da Comarca de Lugo","Friol, Lugo","Erasmus+ Juventud KA1/KA2 2025 (Injuve, Ronda 1)","info@comarcadelugo.gal","https://comarcadelugo.gal/","https://comarcadelugo.gal/","GDR-4"
"AVADA Sociedade Cooperativa Galega","Fontorto, A Coruña","Erasmus+ Juventud KA1/KA2 2025 (Injuve, Ronda 1)","no encontrado","empresite.eleconomista.es","N/A",""
"Asociación Espazo Aberto Galiza pola Amizade entre os Povos","Santiago de Compostela","Erasmus+ Juventud KA1/KA2 2025 (Injuve, Ronda 1)","andurinhasdovento@gmail.com","https://espazoabertogaliza.org/contacto","https://espazoabertogaliza.org/contacto",""
"Club Nalu","Oleiros, A Coruña","Erasmus+ Juventud KA1/KA2 2025 (Injuve, Ronda 1)","no encontrado","https://www.iberinform.es/empresa/10692091/club-nalu","N/A",""
"ONGD Senvalos","no encontrado","Erasmus+ Juventud KA1/KA2 2025 (Injuve, Ronda 1)","no encontrado","N/A","N/A","No investigada, cupo de búsqueda agotado"
"Asociación Galega de Comunicación para o Cambio Social","no encontrado","Erasmus+ Juventud KA1/KA2 2025 (Injuve, Ronda 1)","no encontrado","N/A","N/A","No investigada, cupo de búsqueda agotado"
"Asociación Lar de Artemis","no encontrado","Erasmus+ Juventud KA1/KA2 2025 (Injuve, Ronda 1)","no encontrado","N/A","N/A","No investigada, cupo de búsqueda agotado"
"Asociación Deportiva Cultural de Investigación y Asesoramiento INNODXT","no encontrado","Erasmus+ Juventud KA1/KA2 2025 (Injuve, Ronda 1)","no encontrado","N/A","N/A","No investigada, cupo de búsqueda agotado"
"Asociación Costa da Morte - GDR","no encontrado","Erasmus+ Juventud KA1/KA2 2025 (Injuve, Ronda 1)","no encontrado","N/A","N/A","No investigada, cupo de búsqueda agotado"
"Sociedad Deportiva Club Ordenes","no encontrado","Erasmus+ Juventud KA1/KA2 2025 (Injuve, Ronda 1)","no encontrado","N/A","N/A","No investigada, cupo de búsqueda agotado"
"AMICOS - Asociación de Familias de Persoas con Discapacidade Psíquica das Comarcas do Barbanza e Noia","no encontrado","Erasmus+ Juventud KA1/KA2 2025 (Injuve, Ronda 1)","no encontrado","N/A","N/A","No investigada, cupo de búsqueda agotado"
"Valdeorras Vive","no encontrado","Erasmus+ Juventud KA1/KA2 2025 (Injuve, Ronda 1)","no encontrado","N/A","N/A","No investigada, cupo de búsqueda agotado"
"Ideasfab","no encontrado","Erasmus+ Juventud KA1/KA2 2025 (Injuve, Ronda 1)","no encontrado","N/A","N/A","No investigada, cupo de búsqueda agotado"
"Raizamevivo","no encontrado","Erasmus+ Juventud KA1/KA2 2025 (Injuve, Ronda 1)","no encontrado","N/A","N/A","No investigada, cupo de búsqueda agotado"
"Sustinea","no encontrado","Erasmus+ Juventud KA1/KA2 2025 (Injuve, Ronda 1)","no encontrado","N/A","N/A","No investigada, cupo de búsqueda agotado"
"Lug Open Factory","no encontrado","Erasmus+ Juventud KA1/KA2 2025 (Injuve, Ronda 1)","no encontrado","N/A","N/A","No investigada, cupo de búsqueda agotado"
"Asociación Mojo de Caña","Las Palmas de Gran Canaria","Erasmus+ Juventud KA1/KA2 2025 (Injuve, Ronda 1)","info@mojodecana.org","mojodecana.org","mojodecana.org",""
"Asociación Educativa Vida y Valores de Canarias (AVIVACAN)","Icod de los Vinos, Tenerife","Erasmus+ Juventud KA1/KA2 2025 (Injuve, Ronda 1)","info@avivacan.org","Registro de Asociaciones de Canarias (datos.canarias.es)","Registro de Asociaciones de Canarias",""
"Asociación Sociocultural Isla Creactiva","San Cristóbal de La Laguna, Tenerife","Erasmus+ Juventud KA1/KA2 2025 (Injuve, Ronda 1)","contacto@islacreactiva.com","Registro de Asociaciones de Canarias","Registro de Asociaciones de Canarias",""
"Asociación Cultural Dharma Canarias","Adeje, Tenerife","Erasmus+ Juventud KA1/KA2 2025 (Injuve, Ronda 1)","no encontrado","eupronet.eu","N/A","Solo teléfono público"
"Asociación Sociocultural y Musical A la Mua","Teror, Gran Canaria","Erasmus+ Juventud KA1/KA2 2025 (Injuve, Ronda 1)","alamuaoficial@gmail.com","Registro de Asociaciones de Canarias","Registro de Asociaciones de Canarias",""
"Asociación Sociocultural Cervantear: Educación y Cultura","Bajamar (La Laguna), Tenerife","Erasmus+ Juventud KA1/KA2 2025 (Injuve, Ronda 1)","a.cervantear@gmail.com","cervantear.org","cervantear.org",""
"Asociación para la Cooperación al Desarrollo e Inclusión Social Amanay","Puerto del Rosario, Fuerteventura","Erasmus+ Juventud KA1/KA2 2025 (Injuve, Ronda 1)","directivoamanay@gmail.com","Registro de Asociaciones de Canarias","Registro de Asociaciones de Canarias","Ya en BBDD, confirmado"
"Asociación Despierta Escuela Consciente","Teguise, Lanzarote","Erasmus+ Juventud KA1/KA2 2025 (Injuve, Ronda 1)","mifuncionperdonar@gmail.com","Registro de Asociaciones de Canarias","Registro de Asociaciones de Canarias",""
"Asociación Desaplatánate por un Turismo Social y Sostenible","Tegueste, Tenerife","Erasmus+ Juventud KA1/KA2 2025 (Injuve, Ronda 1)","info@desaplatanate.org","Registro de Asociaciones de Canarias","Registro de Asociaciones de Canarias",""
"Asociación Sociocultural Almar","Santa Cruz de Tenerife","Erasmus+ Juventud KA1/KA2 2025 (Injuve, Ronda 1)","maggivillain@gmail.com","Registro de Asociaciones de Canarias","Registro de Asociaciones de Canarias",""
"Asociación Cultural y Mediambiental Atlas de Inagua","Las Palmas de Gran Canaria","Erasmus+ Juventud KA1/KA2 2025 (Injuve, Ronda 1)","asociacionatlasgrancanaria@gmail.com","Registro de Asociaciones de Canarias","Registro de Asociaciones de Canarias",""
"Asociación Cultural Soy Mamut","Arucas, Gran Canaria","Erasmus+ Juventud KA1/KA2 2025 (Injuve, Ronda 1)","hola@soymamut.com","Registro de Asociaciones de Canarias","Registro de Asociaciones de Canarias",""
"Asociación Hermes","Telde, Gran Canaria","Erasmus+ Juventud KA1/KA2 2025 (Injuve, Ronda 1)","hermesasociacion@gmail.com","Registro de Asociaciones de Canarias","Registro de Asociaciones de Canarias",""
"Asociación Promotora de Iniciativas","Las Palmas de Gran Canaria","Erasmus+ Juventud KA1/KA2 2025 (Injuve, Ronda 1)","promotoradeiniciativas@gmail.com","Registro de Asociaciones de Canarias","Registro de Asociaciones de Canarias",""
"Asociación Sociocultural La Isla de las Voces","La Palma","Erasmus+ Juventud KA1/KA2 2025 (Injuve, Ronda 1)","no encontrado","instagram.com/laisladelasvoces","N/A",""
"Asociación Asamsoca","Las Palmas de Gran Canaria","Erasmus+ Juventud KA1/KA2 2025 (Injuve, Ronda 1)","no encontrado","Registro de Asociaciones de Canarias","N/A",""
"Asociación Sociocultural Resiliencia La Palma","no encontrado","Erasmus+ Juventud KA1/KA2 2025 (Injuve, Ronda 1)","no encontrado","N/A","N/A","No localizada con certeza"
"Asociación Sociocultural Tecnova","Santa Brígida, Gran Canaria","Erasmus+ Juventud KA1/KA2 2025 (Injuve, Ronda 1)","no encontrado","Registro de Asociaciones de Canarias / SALTO-YOUTH","N/A",""
"Asociación Singladura","Las Palmas de Gran Canaria","Erasmus+ Juventud KA1/KA2 2025 (Injuve, Ronda 1)","no encontrado","Registro de Asociaciones de Canarias","N/A",""
"Asociación El Cántaro","Las Palmas de Gran Canaria","Erasmus+ Juventud KA1/KA2 2025 (Injuve, Ronda 1)","no encontrado","Registro de Asociaciones de Canarias","N/A",""
"Asociación Sociocultural Apolo","Las Palmas de Gran Canaria","Erasmus+ Juventud KA1/KA2 2025 (Injuve, Ronda 1)","asociacion.sociocultural.apolo@gmail.com","Registro de Asociaciones de Canarias","Registro de Asociaciones de Canarias",""
"Asociación Cultural Datana","Santa Cruz de La Palma","Erasmus+ Juventud KA1/KA2 2025 (Injuve, Ronda 1)","no encontrado","Registro de Asociaciones de Canarias","N/A","No confundir con otra 'Datana' homónima en Tenerife"
"Asociación Promoción del Turismo Sosnatur","Buenavista del Norte, Tenerife","Erasmus+ Juventud KA1/KA2 2025 (Injuve, Ronda 1)","asociacionsosnatur@gmail.com","Registro de Asociaciones de Canarias","Registro de Asociaciones de Canarias",""
"Asociación Cultural de Amigos para la Difusión y el Reconocimiento del Cine, el Teatro y la Literatura (Charlas de Cine de Tenerife)","San Cristóbal de La Laguna, Tenerife","Erasmus+ Juventud KA1/KA2 2025 (Injuve, Ronda 1)","no encontrado","charlasdecine.com","N/A",""
"Asociación Fauno Europa","Telde, Gran Canaria","Erasmus+ Juventud KA1/KA2 2025 (Injuve, Ronda 1)","faunoeuropa@gmail.com","Registro de Asociaciones de Canarias","Registro de Asociaciones de Canarias",""
"Asociación Cultural y Social Trib-Arte","Arrecife, Lanzarote","Erasmus+ Juventud KA1/KA2 2025 (Injuve, Ronda 1)","asociaciontribarte@gmail.com","Registro de Asociaciones de Canarias","Registro de Asociaciones de Canarias",""
"Club de Buceo Escafandra","Las Palmas de Gran Canaria","Erasmus+ Juventud KA1/KA2 2025 (Injuve, Ronda 1)","info@escafandraclubdebuceo.com","escafandraclubdebuceo.com/contacto","escafandraclubdebuceo.com/contacto",""
"Fundación Sergio Alonso","Las Palmas de Gran Canaria","Erasmus+ Juventud KA1/KA2 2025 (Injuve, Ronda 1)","info@fundacionsergioalonso.org","fundacionsergioalonso.org/contacto","fundacionsergioalonso.org/contacto",""
"Fuego Interno Asociación Cultural","Zaragoza","Erasmus+ Juventud KA1/KA2 2025 (Injuve, Ronda 1)","no encontrado","zaragoza.es (registro municipal)","N/A",""
"Asociación Down Huesca","Huesca","Erasmus+ Juventud KA1/KA2 2025 (Injuve, Ronda 1)","adminis@downhuesca.com","downhuesca.com/contacto","downhuesca.com/contacto",""
"Blablabla Asociación Cultural","Aragón (sede no confirmada)","Erasmus+ Juventud KA1/KA2 2025 (Injuve, Ronda 1)","no encontrado","pedroausejo.com","N/A",""
"Asociación El Cicutar","Acumuer, Huesca","Erasmus+ Juventud KA1/KA2 2025 (Injuve, Ronda 1)","88sorbus@gmail.com","zaragoza.es","zaragoza.es",""
"Asociación Integra-Voluntariado Joven","Zaragoza","Erasmus+ Juventud KA1/KA2 2025 (Injuve, Ronda 1)","integra.voluntariadojoven@gmail.com","integravoluntariadojoven.org","integravoluntariadojoven.org",""
"Asociación de Economía Social de Aragón (CEPES Aragón)","Zaragoza","Erasmus+ Juventud KA1/KA2 2025 (Injuve, Ronda 1)","secretaria@economiasocialaragon.es","economiasocialaragon.es","economiasocialaragon.es",""
"Asociación Juvenil Colectivo Saharaui Lefrig","Zaragoza","Erasmus+ Juventud KA1/KA2 2025 (Injuve, Ronda 1)","colectivolefrig@gmail.com","colectivolefrig.unizar.es","colectivolefrig.unizar.es",""
"Asociación Biela y Tierra","Zaragoza","Erasmus+ Juventud KA1/KA2 2025 (Injuve, Ronda 1)","hola@bielaytierra.com","bielaytierra.com","bielaytierra.com",""
"Fundación Federico Ozanam","Zaragoza","Erasmus+ Juventud KA1/KA2 2025 (Injuve, Ronda 1)","fundacion@ozanam.com","ozanam.es","ozanam.es",""
"Gusantina Asociación Socioeducativa","Zaragoza","Erasmus+ Juventud KA1/KA2 2025 (Injuve, Ronda 1)","no encontrado","gusantina.blogspot.com","N/A","Solo teléfono"
"Fundación Agustín Gericó","Zaragoza","Erasmus+ Juventud KA1/KA2 2025 (Injuve, Ronda 1)","no encontrado","fundacionagustingerico.com","N/A","Mailto placeholder no real"
"Asociación Artmosfera","Robres (Monegros), Huesca","Erasmus+ Juventud KA1/KA2 2025 (Injuve, Ronda 1)","asociacion@artmosfera.es","artmosfera.es/contacto","artmosfera.es/contacto",""
"Asociación Orquesta Escuela Zaragoza","Zaragoza","Erasmus+ Juventud KA1/KA2 2025 (Injuve, Ronda 1)","hola@orquestaescuela.org","orquestaescuela.org","orquestaescuela.org",""
"Asociación Danza por el Cambio","Zaragoza","Erasmus+ Juventud KA1/KA2 2025 (Injuve, Ronda 1)","no encontrado","danzaporelcambio.com","N/A","Solo formulario"
"Asociación Deportiva Cierzo proLGTB+","Zaragoza","Erasmus+ Juventud KA1/KA2 2025 (Injuve, Ronda 1)","info@cierzolgtb.org","cierzolgtb.org","cierzolgtb.org",""
"Asociación Coro Cantatutti","Zaragoza","Erasmus+ Juventud KA1/KA2 2025 (Injuve, Ronda 1)","coro.cantatutti@gmail.com","zaragoza.es (registro)","zaragoza.es (registro)",""
"Asociación Española del Sueño (ASENARCO)","Zaragoza","Erasmus+ Juventud KA1/KA2 2025 (Injuve, Ronda 1)","info@asenarco.es","asenarco.es","asenarco.es",""
"Asociación Cazalla-Intercultural","Lorca, Murcia","Erasmus+ Juventud KA1/KA2 2025 (Injuve, Ronda 1)","info@cazalla-intercultural.org","http://cazalla-intercultural.org/contacto/","http://cazalla-intercultural.org/contacto/",""
"Asociación DAFI","Región de Murcia","Erasmus+ Juventud KA1/KA2 2025 (Injuve, Ronda 1)","info@dafiorg.com","https://dafiorg.com/","https://dafiorg.com/",""
"Asociación Conflicarte","Murcia y Cartagena","Erasmus+ Juventud KA1/KA2 2025 (Injuve, Ronda 1)","no encontrado","https://youth.europa.eu/volunteering/organisation/83022_es","N/A",""
"Asociación Nacional Bonfire Community","Región de Murcia","Erasmus+ Juventud KA1/KA2 2025 (Injuve, Ronda 1)","no encontrado","resolución Injuve 2025","N/A",""
"Asociación Cultural Aranea","Lorca, Murcia","Erasmus+ Juventud KA1/KA2 2025 (Injuve, Ronda 1)","aranea.association@gmail.com","https://asociacionaranea.com/","https://asociacionaranea.com/",""
"Asociación Albores","Murcia (también Sevilla)","Erasmus+ Juventud KA1/KA2 2025 (Injuve, Ronda 1)","info@asociacionalbores.org","https://asociacionalbores.es/","https://asociacionalbores.es/","Salud mental/menores"
"Asociación Educativa por la Integración y la Igualdad (AEII)","Región de Murcia","Erasmus+ Juventud KA1/KA2 2025 (Injuve, Ronda 1)","aeiiasociacion@gmail.com","https://asociacionintegracion.wordpress.com/contacto/","https://asociacionintegracion.wordpress.com/contacto/",""
"Fundación Universitaria San Antonio","Guadalupe, Murcia","Erasmus+ Juventud KA1/KA2 2025 (Injuve, Ronda 1)","no encontrado","https://rgi.cnmc.es/gruposdeinteres/fundacion-universitaria-san-antonio","N/A","Matriz de UCAM"
"Asociación Cultural Youropía","Oviedo, Asturias","Erasmus+ Juventud KA1/KA2 2025 (Injuve, Ronda 1)","info@youropia.eu","https://www.youropia.eu/contacto/","https://www.youropia.eu/contacto/",""
"Fundación Padre Vinjoy","Oviedo, Asturias","Erasmus+ Juventud KA1/KA2 2025 (Injuve, Ronda 1)","info@vinjoy.es","https://socialasturias.asturias.es/-/fundación-padre-vinjoy-de-la-sagrada-familia","https://socialasturias.asturias.es/-/fundación-padre-vinjoy-de-la-sagrada-familia",""
"Asociación Los Glayus","Oviedo, Asturias","Erasmus+ Juventud KA1/KA2 2025 (Injuve, Ronda 1)","asoc.losglayus@gmail.com","https://asociacionlosglayus.org/aviso-legal/","https://asociacionlosglayus.org/aviso-legal/",""
"Asociación Luar","Oviedo, Asturias","Erasmus+ Juventud KA1/KA2 2025 (Injuve, Ronda 1)","luar.asociacion@gmail.com","https://asociacionluar.es/colabora","https://asociacionluar.es/colabora","Jóvenes 16-35 años en riesgo de exclusión"
"Asociación Europea Bandua","no encontrado","Erasmus+ Juventud KA1/KA2 2025 (Injuve, Ronda 1)","no encontrado","https://bandua.eu/","N/A","Web protegida por Cloudflare"
"Federación Nacional de Enfermos y Trasplantados Hepáticos (FNETH/FEH)","Madrid","Erasmus+ Juventud KA1/KA2 2025 (Injuve, Ronda 1)","hola@fehigado.org","https://fneth.org/","https://fneth.org/","Rebrandeada como Federación Española del Hígado"
"Federación de Asociaciones Jóvenes Europeístas de España (JEF España)","Madrid","Erasmus+ Juventud KA1/KA2 2025 (Injuve, Ronda 1)","info@jefspain.eu","https://jefspain.org/","https://jefspain.org/","CIF no confirmado literalmente en la web, identificación por nombre/actividad"
"Asociación Nanda Gram","Miengo, Cantabria","Erasmus+ Juventud KA1/KA2 2025 (Injuve, Ronda 1)","info@asociacion-nandagram.org","https://asociacion-nandagram.org/contacto/","https://asociacion-nandagram.org/contacto/",""
"Arterra Bizimodu","Artieda, Navarra","Erasmus+ Juventud KA1/KA2 2025 (Injuve, Ronda 1)","no encontrado","https://www.arterrabizimodu.org/","N/A","Web con newsletter pero sin email institucional público"
"Asociación Juvenil El Cencerro Joven","no encontrado","Erasmus+ Juventud KA1/KA2 2025 (Injuve, Ronda 1)","no encontrado","N/A","N/A",""
"Asociación Sociocultural Papaya","no encontrado","Erasmus+ Juventud KA1/KA2 2025 (Injuve, Ronda 1)","no encontrado","N/A","N/A",""
"Asociación Bee Rural.Hub","no encontrado","Erasmus+ Juventud KA1/KA2 2025 (Injuve, Ronda 1)","no encontrado","N/A","N/A",""
"Asociación Newpa","no encontrado","Erasmus+ Juventud KA1/KA2 2025 (Injuve, Ronda 1)","no encontrado","N/A","N/A",""
"Asociación Cultural y Medioambiental Permacultura Cantabria","no encontrado","Erasmus+ Juventud KA1/KA2 2025 (Injuve, Ronda 1)","no encontrado","N/A","N/A","Dominio permaculturacantabria.org no existe"
"La Bardal","no encontrado","Erasmus+ Juventud KA1/KA2 2025 (Injuve, Ronda 1)","no encontrado","N/A","N/A",""
"Café de las Artes Teatro S.L.","Cantabria (probable Santander, sin confirmar)","Erasmus+ Juventud KA1/KA2 2025 (Injuve, Ronda 1)","no encontrado","https://www.instagram.com/cafedelasartesteatro/","N/A",""
"Asociación Mediterránea Mallorca","no encontrado","Erasmus+ Juventud KA1/KA2 2025 (Injuve, Ronda 1)","no encontrado","N/A","N/A",""
"Fundació Som CIDE","no encontrado","Erasmus+ Juventud KA1/KA2 2025 (Injuve, Ronda 1)","no encontrado","N/A","N/A",""
"Fundación Condado de Taboada","no encontrado","Erasmus+ Juventud KA1/KA2 2025 (Injuve, Ronda 1)","no encontrado","N/A","N/A",""
"CEIPIESO Gabriel Vallseca","no encontrado","Erasmus+ Juventud KA1/KA2 2025 (Injuve, Ronda 1)","no encontrado","N/A","N/A",""
"Orígens Menorca","no encontrado","Erasmus+ Juventud KA1/KA2 2025 (Injuve, Ronda 1)","no encontrado","N/A","N/A",""
"Centre d'Estudis de l'Esplai","no encontrado","Erasmus+ Juventud KA1/KA2 2025 (Injuve, Ronda 1)","no encontrado","N/A","N/A",""
"Asociación Juvenil Manfred On Tour","no encontrado","Erasmus+ Juventud KA1/KA2 2025 (Injuve, Ronda 1)","no encontrado","N/A","N/A",""
"Asociación Socioeducativa Yellow Kaktus","no encontrado","Erasmus+ Juventud KA1/KA2 2025 (Injuve, Ronda 1)","no encontrado","N/A","N/A",""
"Asociación Teatral On&Off","no encontrado","Erasmus+ Juventud KA1/KA2 2025 (Injuve, Ronda 1)","no encontrado","N/A","N/A",""
"Arte Lombriz","no encontrado","Erasmus+ Juventud KA1/KA2 2025 (Injuve, Ronda 1)","no encontrado","N/A","N/A",""
"Asociación de Educadores Leonardino","no encontrado","Erasmus+ Juventud KA1/KA2 2025 (Injuve, Ronda 1)","no encontrado","N/A","N/A",""
"Asociación Tecnología Ética","no encontrado","Erasmus+ Juventud KA1/KA2 2025 (Injuve, Ronda 1)","no encontrado","N/A","N/A",""
"Asociación K'mon","Ceuta","Erasmus+ Juventud KA1/KA2 2025 (Injuve, Ronda 1)","no encontrado","N/A","N/A",""
"Association de Cooperation al Desarollo Abarka","País Vasco","Erasmus+ Juventud KA1/KA2 2025 (Injuve, Ronda 1)","info@ongabarka.org","https://abarka.org/quienes-somos/","https://abarka.org/quienes-somos/",""
"Asociación Juvenil Youth Vision Álava","Vitoria-Gasteiz","Erasmus+ Juventud KA1/KA2 2025 (Injuve, Ronda 1)","youthvisionalava@gmail.com","https://alf.website/en/?members=asociacion-juvenil-youth-vision-alava","https://alf.website/en/?members=asociacion-juvenil-youth-vision-alava",""
"Asociación Sociocultural Our Moment","no encontrado","Erasmus+ Juventud KA1/KA2 2025 (Injuve, Ronda 1)","no encontrado","N/A","N/A",""
"Asociación Cohope Elkartea","País Vasco","Erasmus+ Juventud KA1/KA2 2025 (Injuve, Ronda 1)","be@cohope.info","https://cohope.info/contacto/","https://cohope.info/contacto/",""
"Asociación APEJESS","no encontrado","Erasmus+ Juventud KA1/KA2 2025 (Injuve, Ronda 1)","no encontrado","N/A","N/A",""
"Fundación EDE","Bilbao","Erasmus+ Juventud KA1/KA2 2025 (Injuve, Ronda 1)","ede@edefundazioa.org","https://edefundazioa.org/contacto-ede-fundazioa/","https://edefundazioa.org/contacto-ede-fundazioa/",""
"Asociación de Acción Social Ausartzen","Erandio, Bizkaia","Erasmus+ Juventud KA1/KA2 2025 (Injuve, Ronda 1)","info@ausartzen.org","https://ausartzen.org/?lang=es","https://ausartzen.org/?lang=es",""
"Asociación Moviéndote por la Integración y la Participación Ciudadana","Getxo, Bizkaia","Erasmus+ Juventud KA1/KA2 2025 (Injuve, Ronda 1)","asociacionmoviendote@gmail.com","https://www.moviendote.org/politica-de-privacidad/","https://www.moviendote.org/politica-de-privacidad/",""
"Berdeago, Asociación Europea para la Sostenibilidad","Bilbao","Erasmus+ Juventud KA1/KA2 2025 (Injuve, Ronda 1)","info@berdeago.org","https://berdeago.org/","https://berdeago.org/",""
"Aisibizia Elkartea","Getxo, Bizkaia","Erasmus+ Juventud KA1/KA2 2025 (Injuve, Ronda 1)","no encontrado","https://aisibizia.weebly.com/","N/A",""
"Argizai Eskaut Taldea","Galdakao, Bizkaia","Erasmus+ Juventud KA1/KA2 2025 (Injuve, Ronda 1)","argizai@eskaut.org","https://argizai.eskaut.org/","https://argizai.eskaut.org/",""
"Horbel Gizarte Ekimeneko Kooperativa","Gipuzkoa","Erasmus+ Juventud KA1/KA2 2025 (Injuve, Ronda 1)","info@horbel.eus","https://www.horbel.eus/harremanetarako/","https://www.horbel.eus/harremanetarako/",""
"Gureak Lanean","Donostia/San Sebastián","Erasmus+ Juventud KA1/KA2 2025 (Injuve, Ronda 1)","info@gureak.com","https://www.gureak.com/es/contactar","https://www.gureak.com/es/contactar","Email corporativo genérico del grupo Gureak"
"Hezkide Eskola","Donostia/San Sebastián","Erasmus+ Juventud KA1/KA2 2025 (Injuve, Ronda 1)","hezkide@hezkide.org","https://hezkide.org/es/contacto/","https://hezkide.org/es/contacto/",""
"Euskalerriko Eskautak Federakuntza Trebeak","Bilbao","Erasmus+ Juventud KA1/KA2 2025 (Injuve, Ronda 1)","info@eskaut.org","https://eskaut.org/contacto/","https://eskaut.org/contacto/",""
"Media Creativa 2020, S.L.","Bilbao","Erasmus+ Juventud KA1/KA2 2025 (Injuve, Ronda 1)","no encontrado","https://mediacreativa.eu/en/contact/","N/A",""
"Agintzari SCIS","Bilbao","Erasmus+ Juventud KA1/KA2 2025 (Injuve, Ronda 1)","agintzari@agintzari.com","https://www.agintzari.com/","https://www.agintzari.com/",""
"Asociación Participa Joven CR","Ciudad Real","Erasmus+ Juventud KA1/KA2 2025 (Injuve, Ronda 1)","participajovencr@gmail.com","consejoven.org (Catálogo de Entidades Juveniles Ciudad Real)","consejoven.org",""
"Asociación Deportiva Manchega","Ciudad Real (probable)","Erasmus+ Juventud KA1/KA2 2025 (Injuve, Ronda 1)","no encontrado","N/A","N/A","No distinguible de otras entidades homónimas"
"Asociación Cultural Transeúnte","Malagón, Ciudad Real","Erasmus+ Juventud KA1/KA2 2025 (Injuve, Ronda 1)","asociacionculturaltranseunte@gmail.com","https://asociacionesciudadreal.es/asociacion-cultural-transeunte/","https://asociacionesciudadreal.es/asociacion-cultural-transeunte/",""
"Asociación Tilia","Ciudad Real","Erasmus+ Juventud KA1/KA2 2025 (Injuve, Ronda 1)","info@asociaciontilia.org","consejoven.org (Catálogo de Entidades Juveniles Ciudad Real)","consejoven.org",""
"Asociación REVE","no encontrado","Erasmus+ Juventud KA1/KA2 2025 (Injuve, Ronda 1)","no encontrado","N/A","N/A","Posible vínculo no confirmado con Efecto SVE"
"Milele Kongo","no encontrado","Erasmus+ Juventud KA1/KA2 2025 (Injuve, Ronda 1)","no encontrado","N/A","N/A",""
"Asociación Cultural Maditerránea","no confirmado","Erasmus+ Juventud KA1/KA2 2025 (Injuve, Ronda 1)","no encontrado","https://maditerranea.com/","N/A","Web con datos de plantilla/placeholder, no fiable"
"Asociación Mirando al Futuro de Cuenca 2050","Pozoamargo, Cuenca","Erasmus+ Juventud KA1/KA2 2025 (Injuve, Ronda 1)","no encontrado","https://www.facebook.com/p/Asociaci%C3%B3n-Mirando-al-Futuro-de-Cuenca-2050-61574599345985/","N/A",""
"Asociación Youth CRL","Daimiel, Ciudad Real","Erasmus+ Juventud KA1/KA2 2025 (Injuve, Ronda 1)","no encontrado","https://www.daimiel.es/es/noticias/sociedad/la-asociacion-daimielena-youth-crl-participa-en-un-proyecto-europeo-con-jovenes","N/A",""
"The Banyan Tree","Brihuega, Guadalajara","Erasmus+ Juventud KA1/KA2 2025 (Injuve, Ronda 1)","info@thebanyantree.org","https://thebanyantree.org/contacto/","https://thebanyantree.org/contacto/",""
"Proyecto Kieu","Numancia de la Sagra, Toledo","Erasmus+ Juventud KA1/KA2 2025 (Injuve, Ronda 1)","info@proyectokieu.org","https://www.proyectokieu.org/","https://www.proyectokieu.org/",""
"Pokhara","Miguelturra, Ciudad Real","Erasmus+ Juventud KA1/KA2 2025 (Injuve, Ronda 1)","pokhara@programaempug.com","consejoven.org (Catálogo de Entidades Juveniles Ciudad Real)","consejoven.org",""
"Leitmotiv-Area","no encontrado","Erasmus+ Juventud KA1/KA2 2025 (Injuve, Ronda 1)","no encontrado","N/A","N/A","Se confunde con empresas homónimas no relacionadas"
"Ecocompartimos","Illescas, Toledo","Erasmus+ Juventud KA1/KA2 2025 (Injuve, Ronda 1)","ecocompartimos.illescas@gmail.com","https://ecocompartimos.wixsite.com/main","https://ecocompartimos.wixsite.com/main",""
"Rado Pakolo","Almansa, Albacete","Erasmus+ Juventud KA1/KA2 2025 (Injuve, Ronda 1)","no encontrado","https://masquealba.com/rado-pakolo-proyecto-almansa/","N/A","Coincide con club de baloncesto homónimo, no confirmado"
"Asoc. Bidaia","no confirmado (discrepancia Madrid/Toledo)","Erasmus+ Juventud KA1/KA2 2025 (Injuve, Ronda 1)","no encontrado","https://asobidaia.wixsite.com/asobidaia/acerca-de","N/A",""
"Social Innovation Cluster CLM","Albacete","Erasmus+ Juventud KA1/KA2 2025 (Injuve, Ronda 1)","no encontrado","https://www.hacesfalta.org/transparencia-ong/social-innovation-cluster-clm/delegacion/detalle/27191","N/A",""
"Activa Ideas Almansa, S. Microcoop. de C-LM","Almansa, Albacete","Erasmus+ Juventud KA1/KA2 2025 (Injuve, Ronda 1)","no encontrado","https://activaidea.com/","N/A",""
"A.S.E.D.E.M. - Asociación Española de Educación Emocional","Valencina de la Concepción, Sevilla","Erasmus+ Juventud KA1/KA2 2025 (Injuve, Ronda 1)","info@asociacionasedem.es","https://asociacionasedem.es/","https://asociacionasedem.es/",""
"Federación Española de Jugadores de Azar Rehabilitados (FEJAR)","Villena, Alicante","Erasmus+ Juventud KA1/KA2 2025 (Injuve, Ronda 1)","fejar@fejar.org","https://fejar.org/contact/?lang=en","https://fejar.org/contact/?lang=en","Alt: secretaria@fejar.org"
"Cooperation Network of the European Routes of Emperor Charles V","Cuacos de Yuste, Cáceres","Erasmus+ Juventud KA1/KA2 2025 (Injuve, Ronda 1)","management@itineracarolusv.eu","https://www.developmentaid.org/organizations/view/192848/","https://www.developmentaid.org/organizations/view/192848/",""
"Asociación Multideportiva Euexia","Plasencia, Cáceres","Erasmus+ Juventud KA1/KA2 2025 (Injuve, Ronda 1)","ameuexia@gmail.com","https://www.ameuexia.es/","https://www.ameuexia.es/",""
"Asociación IMORA (International Movement Back to Origins in Rural Area)","Plasenzuela, Cáceres","Erasmus+ Juventud KA1/KA2 2025 (Injuve, Ronda 1)","no encontrado","https://youth.europa.eu/volunteering/organisation/59989_en","N/A",""
"Fundación Sorapán de Rieros","Badajoz","Erasmus+ Juventud KA1/KA2 2025 (Injuve, Ronda 1)","terapeutico@fundacionsorapan.org","https://fundacionsorapan.org/","https://fundacionsorapan.org/",""
"Laberinto Hurdano S. Coop. Especial","Pinofranqueado, Cáceres","Erasmus+ Juventud KA1/KA2 2025 (Injuve, Ronda 1)","info@laberintohurdano.es","https://laberintohurdano.es/","https://laberintohurdano.es/",""
"Escuela de Animación Circompay","Navalmoral de la Mata, Cáceres","Erasmus+ Juventud KA1/KA2 2025 (Injuve, Ronda 1)","circompay@elquintopino.es","https://youth.europa.eu/volunteering/organisation/83221_es","https://youth.europa.eu/volunteering/organisation/83221_es",""
"Espacio Ládano","Sierra de Fuentes, Cáceres","Erasmus+ Juventud KA1/KA2 2025 (Injuve, Ronda 1)","espacioladano@gmail.com","PIF SALTO-YOUTH / linktr.ee/espacioladano","linktr.ee/espacioladano",""
"Ye Too Ponese - Espacio para la Gestión de Inéditos Viables","Oviedo, Asturias","Erasmus+ Juventud KA1/KA2 2025 (Injuve, Ronda 1)","info@yetooponese.net","http://yetooponese.net/contacto/","http://yetooponese.net/contacto/",""
"Generaciones Saludables España","Principado de Asturias","Erasmus+ Juventud KA1/KA2 2025 (Injuve, Ronda 1)","no encontrado","N/A","N/A",""
"Tunverstehen","no confirmado","Erasmus+ Juventud KA1/KA2 2025 (Injuve, Ronda 1)","no encontrado","https://www.meetup.com/es-es/social-events-gandia-asociacion-tunverstehen/","N/A",""
"Nía - Nosoutras Ideamos Arte","Boal, Asturias (comarca Eo-Navia)","Erasmus+ Juventud KA1/KA2 2025 (Injuve, Ronda 1)","niamuyeresarte@gmail.com","https://www.facebook.com/niamuyeresarte/","https://www.facebook.com/niamuyeresarte/",""
"Creando Floresta","Principado de Asturias","Erasmus+ Juventud KA1/KA2 2025 (Injuve, Ronda 1)","no encontrado","https://programaseuropeos.injuve.es/erasmus/experiencias/creando-floresta","N/A",""
"Expoacción Organización Solidaria","Gijón, Asturias","Erasmus+ Juventud KA1/KA2 2025 (Injuve, Ronda 1)","expoaccion@gmail.com","expoaccion.org / axesor.es","expoaccion.org",""
"Hope European Projects, S.L.","Gijón, Asturias","Erasmus+ Juventud KA1/KA2 2025 (Injuve, Ronda 1)","no encontrado","https://empresite.eleconomista.es/HOPE-EUROPEAN-PROJECTS.html","N/A",""
"De Amicitia","España (sede no confirmada)","Erasmus+ Juventud KA1/KA2 2025 (Injuve, Ronda 1)","info@deamicitia.org","https://deamicitia.org/en/who-are-we/","https://deamicitia.org/en/who-are-we/",""
"Parkeri","Madrid","Erasmus+ Juventud KA1/KA2 2025 (Injuve, Ronda 1)","parkeriteam@parkeri.org","https://parkerisite.wordpress.com/contacto/","https://parkerisite.wordpress.com/contacto/",""
"Asociación Madrid Outdoor Education","Rivas-Vaciamadrid, Madrid","Erasmus+ Juventud KA1/KA2 2025 (Injuve, Ronda 1)","hola@madridoutdooreducation.com","http://madridoutdooreducation.es/contacto/","http://madridoutdooreducation.es/contacto/",""
"Cooperación Internacional (CIONG)","Madrid","Erasmus+ Juventud KA1/KA2 2025 (Injuve, Ronda 1)","info@ciong.org","https://www.ciong.org/quienesSomos.php?fam=1","https://www.ciong.org/quienesSomos.php?fam=1",""
"Gantalcalá La Rioja","Logroño, La Rioja","Erasmus+ Juventud KA1/KA2 2025 (Injuve, Ronda 1)","info@gantalcala.org","https://www.gantalcala.org/","https://www.gantalcala.org/",""
"IRARU","Asturias (origen en Viena)","Erasmus+ Juventud KA1/KA2 2025 (Injuve, Ronda 1)","office@iraru.org","https://www.iraru.org/quienes-somos","https://www.iraru.org/quienes-somos",""
"Red Europea Los Jóvenes Importan Ahora","Región de Murcia","Erasmus+ Juventud KA1/KA2 2025 (Injuve, Ronda 1)","no encontrado","N/A","N/A",""
"Dreams of Tomorrow","Puerto Lumbreras, Murcia","Erasmus+ Juventud KA1/KA2 2025 (Injuve, Ronda 1)","info@dreamsoftomorrow.eu","https://www.dreamsoftomorrow.eu/","https://www.dreamsoftomorrow.eu/",""
"Arrel d'Idees","Gandía, Comunidad Valenciana","Erasmus+ Youth - Accredited Organisations Spain (Injuve NA ES02)","arreldidees@gmail.com","https://www.arreldidees.eu/","https://www.arreldidees.eu/","Fundada en 2018"
"Asoc Sonríe a Europa","Sevilla","Erasmus+ Youth - Accredited Organisations Spain (Injuve NA ES02)","no encontrado","https://www.facebook.com/SmileToEurope/","N/A",""
"EUDUCATE","Iznalloz, Granada","Erasmus+ Youth - Accredited Organisations Spain (Injuve NA ES02)","asociacioneuducate@gmail.com","https://euducate.wordpress.com/","https://euducate.wordpress.com/",""
"Asociación Muchachos Ciudadescuelas de Formación Sociocultural (CEMU)","Leganés, Madrid","Erasmus+ Youth - Accredited Organisations Spain (Injuve NA ES02)","communitymanager@cemu.es","https://www.cemu.es/asociacion-muchachos-ciudadescuelas-de-formacion-sociocultural/","https://www.cemu.es/asociacion-muchachos-ciudadescuelas-de-formacion-sociocultural/","Entidad de utilidad pública desde 1985"
"Asociación ""Eo, Eo""","Alhaurín de la Torre, Málaga","Erasmus+ Youth - Accredited Organisations Spain (Injuve NA ES02)","contacto@eoeo.es","https://eoeo.es/contacta","https://eoeo.es/contacta","Trabaja con menores vulnerables e inmigrantes no acompañados"
"Equipo Mandrágora","Zaragoza","Erasmus+ Youth - Accredited Organisations Spain (Injuve NA ES02)","info@equipomandragora.com","https://equipomandragora.com/contacto","https://equipomandragora.com/contacto","Foco en sostenibilidad y bioconstrucción"
"JENF - Juntos por la Educación No Formal","Córdoba","Erasmus+ Youth - Accredited Organisations Spain (Injuve NA ES02)","no encontrado","https://www.facebook.com/AsociacionJENF/","N/A",""
"Amigos de Europa Leonardo da Vinci","Puerto de Santa María/Jerez, Cádiz","Erasmus+ Youth - Accredited Organisations Spain (Injuve NA ES02)","info@aelv.org","https://aelv.org/","https://aelv.org/","Fundada en 1998"
"Asociación Proyectos Educativos y Socioeconómicos Socio Europe","Gran Canaria (aproximado)","Erasmus+ Youth - Accredited Organisations Spain (Injuve NA ES02)","no encontrado","N/A","N/A","Muy poco rastro digital"
"Intercultural Life - educación activa por un mundo intercultural","Trasmulas, Granada","Erasmus+ Youth - Accredited Organisations Spain (Injuve NA ES02)","info@intercultural-life.com","https://www.intercultural-life.com/en/","https://www.intercultural-life.com/en/",""
"Ilewasi","Castellón de la Plana","Erasmus+ Youth - Accredited Organisations Spain (Injuve NA ES02)","no encontrado","https://europa.eu/youth/volunteering/organisation/56145_es","N/A","Centro de investigación y defensa de derechos de la infancia"
"Grupo Scout Eryteeia","San Fernando, Cádiz","Erasmus+ Youth - Accredited Organisations Spain (Injuve NA ES02)","no encontrado","https://gruposcouteryteeia.wordpress.com/","N/A",""
"Associació Cultural Tabalà","Castelló de la Plana","Erasmus+ Youth - Accredited Organisations Spain (Injuve NA ES02)","no encontrado","https://castellonoticies.com/associacio-cultural-tabala/","N/A","Fundada en 2004"
"Federación de Plataformas Sociales Pinardi","Madrid","Erasmus+ Youth - Accredited Organisations Spain (Injuve NA ES02)","no encontrado","https://www.pinardi.com/","N/A","Federación salesiana, 9 centros en Madrid y CLM"
"Viaje a la Sostenibilidad S.Coop Pequeña","Zaragoza","Erasmus+ Youth - Accredited Organisations Spain (Injuve NA ES02)","contacto@viajealasostenibilidad.org","https://viajealasostenibilidad.org/en/oportunidades/","https://viajealasostenibilidad.org/en/oportunidades/",""
"Asociación para la Participación, Oportunidad y Desarrollo (POD)","Puerto de la Cruz, Tenerife","Erasmus+ Youth - Accredited Organisations Spain (Injuve NA ES02)","contact@pod-org.com","https://pod-org.com/","https://pod-org.com/","Alt: podvolunteers@gmail.com"
"La Orden del Fénix Asoc Cultural Joven","no confirmado","Erasmus+ Youth - Accredited Organisations Spain (Injuve NA ES02)","no encontrado","N/A","N/A",""
"Asoc Muévete por Europa","Andalucía","Erasmus+ Youth - Accredited Organisations Spain (Injuve NA ES02)","no encontrado","resoluciones oficiales Injuve","N/A","Riesgo de confusión con programa homónimo de becas autonómico"
